,Date,User,Tweet,Likes,Retweets,Replies
0,2022-05-19 15:39:16,TheBridge_Tech,"Â¡QuÃ© poco queda para el prÃ³ximo ğŸ”¥Burn MondayğŸ”¥! Lunes 23 de mayo a las 18h. aplicaremos la #IA en un viaje por obras pictÃ³ricas y hablaremos de la metodologÃ­a de un Hackaton con dos alumnis de #DataScience Â¡Saca tu entrada y ven a tomarte un @burn_es!ğŸ”‹â¬‡
https://t.co/6mNJvlmi9F",0,2,0
1,2022-05-18 15:23:22,TheBridge_Tech,"Esta es la historia de IsisğŸ¤— que decidiÃ³ hacer un cambio en su vida profesional haciendo el #bootcamp de #uxui. Ahora, compagina su trabajo con el de Teacher Assistant en @TheBridge_Tech. El camino es duro pero seguro darÃ¡ sus frutosğŸ‘©â€ğŸ’»Â¡Gracias Isis por compartir tu experiencia! https://t.co/1UHKZW0UxN",0,0,0
2,2022-05-18 11:26:31,TheBridge_Tech,Gracias @victorianoI y equipo por el anÃ¡lisis con @graphext de los datos en educaciÃ³n y tecnologÃ­a que vimos ayer en la primera charla de #letstalkabouteducation en @TheBridge_Tech y que pudimos debatir con @ikerarceseco Sin duda aprendimos mucho Â¡Volved cuando querÃ¡is! ğŸ§µHilo ğŸ“Š https://t.co/bLxwCvBQN5 https://t.co/wZSVGve1sn,0,0,0
3,2022-05-18 08:31:13,Bcasapp,"Â¿CÃ³mo combatir el paro juvenilğŸ¥µ? #tipdeldia En un paÃ­s con una tasa de paro rÃ©cord, hay que elegir bien dÃ³nde y quÃ© estudiar.

Si os querÃ©is especializar en el sector digital, os animamos a hacerlo con @TheBridge_Tech, que cuenta con un 92% de empleabilidad... Â¡Y CON BECA ğŸ‘‡! https://t.co/2OBZSnVk7r",8,4,1
4,2022-05-17 14:53:47,TheBridge_Tech,"Â¿Con ganas de probar si un empleo tecnolÃ³gico es para ti? Ven a los talleres del campus de #Sevilla @ENCamaraSevilla 

24 Mayo â¡Taller #DataScience 
25 Mayo â¡Taller #DesarrolloWebFullStack
26 Mayo â¡Taller #Ciberseguridad
1 Junio â¡ Open Day

ğŸŸEntradas https://t.co/Cp05ZJBqVa https://t.co/Vyqa1l94hr",2,2,0
5,2022-05-17 08:28:26,PdelaPublicidad,Los perfiles tecnolÃ³gicos mÃ¡s demandados en el futuro @TheBridge_Tech https://t.co/j93jBWSLij,1,2,0
6,2022-05-16 09:31:13,arey,La 2da presentaciÃ³n-coloquio del #LibroIC en #Madrid serÃ¡ el J26Mayo(18:30) en @TheBridge_Tech con TÃ­scar Lara (@tiscar) y Mario LÃ³pez de Ãvila (@nodosenlared)  +InformaciÃ³n e inscripciones: https://t.co/OVzv1SdR7x Â¡Â¡CompÃ¡rtelo!!,4,4,0
7,2022-05-14 19:19:17,Alberto_Blanco,"Sin desmerecer el espectÃ¡culo del 28 de mayo en Paris, el 26 a las 18:30 en Madrid, @arey presenta su #libroIC en @TheBridge_Tech Entradas aquÃ­ https://t.co/4MM6HyxTrf",1,0,0
8,2022-05-13 09:54:44,graphext,"Next week our CEO @victorianoi will be at @Thebridge_tech with @ikerarceseco to discuss the education sector ğŸ“ from a data-driven perspective. Join us online or at Paseo de Recoletos, 15, Madrid, to debate the challenges and opportunities the sector facesğŸš€ https://t.co/Vfbji4VN4b",2,0,0
9,2022-05-13 09:36:44,apedreroes,@TheBridge_Tech @ikerarceseco @victorianoi @graphext Hola @TheBridge_Tech. Â¿Por quÃ© es obligatorio dar el nÃºmero de telÃ©fono para un evento que es en lÃ­nea?,0,0,0
10,2022-05-12 16:55:14,TheBridge_Tech,"Descubre las posibilidades y misterios que oculta el #metaverso con @HavasGroupES ğŸ˜ Hablaremos de tipos de metaverso, estrategias de onboarding, casos reales... Â¡Promete ser muy interesante! PrÃ³ximo 19 de mayo a las 17.30h.
Consigue tus entradas ğŸŸhttps://t.co/KxeTH2ICpc",0,0,0
11,2022-05-12 13:08:59,TheBridge_Tech,"ğŸ“»Los #bootcamps son para ""cualquier persona que quiera un empleo tecnolÃ³gico de calidad"", como bien explican InÃ©s GarcÃ­a Clariana y @AmparoGalbis1 en ""La Tarde con Marina"" en @999plazaradio. Escucha la entrevista completa de nuestro equipo de #ValenciağŸ”Šhttps://t.co/7HNlE0vpmO",0,0,0
12,2022-05-10 20:02:12,TheBridge_Tech,"ğŸ‘¾ El caso #Pegasus, un ejemplo mÃ¡s de #ciberespionaje que pone en relevancia la necesidad de expertos en #ciberseguridad

Te contamos quÃ©s es ğŸ•µï¸â€â™€ï¸ y para quÃ© fue creado ğŸ‘‡ https://t.co/kyzgkQDZ8N",0,0,0
13,2022-05-10 15:46:04,TheBridge_Tech,Â¡â€Letâ€™s talk about educationâ€! Os invitamos a la primera sesiÃ³n del nuevo ciclo de conferencias sobre #educaciÃ³n @ikerarceseco y @victorianoi debatirÃ¡n sobre los datos en el sector y descubriremos @graphext plataforma de #datascience no code. EntradasğŸŸ https://t.co/ksTzmzqqLQ,1,0,1
14,2022-05-09 08:03:51,TheBridge_Tech,"Â¡Vamos con los talleres de mayo! Este mes tenemos un montÃ³n de #freeevents ğŸ‘©â€ğŸ’»Metaverso, OSINT, Sistemas de diseÃ±o UX/UI, un coloquio sobre educaciÃ³n ... Â¡No esperes mÃ¡s y saca ya tu entrada! ğŸŸhttps://t.co/Nlwg6cTDOa https://t.co/zWjT1I2AER",0,0,0
15,2022-05-05 15:06:00,TheBridge_Tech,ğŸ‘ğŸš€Lanzamos una nueva ediciÃ³n de las #becas Digital Talent Pipeline para cursar un #bootcamp en junio y septiembre Â¿Quieres solicitar la tuya? Plazo hasta el 30 de mayo Â¡Date prisa #digitaltalent! â¡https://t.co/PXFR0q85F7 https://t.co/qwiGSm4WOI,0,1,0
16,2022-05-05 07:22:39,arey,La 2da presentaciÃ³n del #LibroIC en #Madrid serÃ¡ el J26Mayo(18:30) en @TheBridge_Tech acompaÃ±ados por  TÃ­scar Lara (@tiscar) y Mario LÃ³pez de Ãvila (@nodosenlared) sobre impacto de la #IC en el diseÃ±o y gestiÃ³n de las organizaciones. +Info/inscripciones: https://t.co/OVzv1SdR7x,4,2,0
17,2022-05-04 15:15:00,TheBridge_Tech,"ğŸ¤©Â¿Quieres conocer el talento digital que llevas dentro? Â¡Ven a nuestro Open Day y descÃºbrelo! 

ğŸ“…Viernes 20 de mayo 11.15h en Paseo de Recoletos 15, Madrid.

ğŸŸSaca tus entradasğŸ‘‡ğŸ‘‡https://t.co/qq3WqsydKv",0,0,0
18,2022-04-28 16:17:33,spaingeneration,"Â¡Gracias a todos por el dÃ­a de hoy! ğŸ˜ğŸ˜

De la mano de: @AccentureSpain , Bonus Studios, @Making_Science_ @SomosMiogroup , Silicon HR , y @TheBridge_Tech hemos podido acercar el futuro talento digital hacia el mundo laboral ğŸ” ğŸ” 

#talent #empresas #marketing #BeGeneration https://t.co/wLbzhtXb94",1,0,0
19,2022-04-28 15:55:26,JM_Torralba_,En breve empezamos la charla sobre RV y PsicologÃ­a! Todo ready! @TheBridge_Tech https://t.co/lW3fvKhcGZ,15,1,0
20,2022-04-27 21:44:03,JM_Torralba_,MaÃ±ana estarÃ© junto a @LucaMefisto en una mesa redonda en @TheBridge_Tech donde hablaremos de la relaciÃ³n que hay entre #psicologia y la #realidadvirtual. Pinta interesante!!â€¦ https://t.co/FXt3Zdj7Uh,6,1,0
21,2022-04-27 16:53:38,bertinha84,"Acabo de escuchar la charla de @kairos_ds en @TheBridge_Tech. Ahora que todo lo que tengo que aprender me abruma. Escuchar que si llego a la meta, me esperarÃ¡ una empresa asÃ­ (ojalÃ¡), un equipo en el que se respire ese buen rollo y amor por el trabajo, me da fuerza para pelear",8,0,0
22,2022-04-27 15:32:18,gabinha,@pmdr_1189 @TheBridge_Tech Lamentablemente,1,0,0
23,2022-04-27 08:03:22,IrnMM,"Esto es hoy! 
Nos vemos en @TheBridge_Tech con @quierodata para hablar de crecimiento dentro de @kairos_ds ğŸ§¡ https://t.co/miTZChXSwJ",5,1,0
24,2022-04-27 06:55:39,TheBridge_Tech,@burn_es Prueba de ello ğŸ“¸ğŸ”¥ https://t.co/7SWL2ionj3,2,1,0
25,2022-04-26 14:58:20,kairos_ds,"Nuestra Head de Data &amp; IA @quierodata, estarÃ¡ maÃ±ana en las oficinas de @TheBridge_Tech, para hablar de las oportunidades de crecimiento profesional dentro de KairÃ³s DS.ğŸ¤© 

@IrnMM la acompaÃ±arÃ¡ resolviendo cualquier duda sobre KairÃ³s DSâ€¦ 

Â¿Te veremos allÃ­?ğŸ§¡

#OrgulloKairÃ³s https://t.co/0hUC9XkPxF",7,5,0
26,2022-04-26 14:41:09,BerrocalRuben,"Los compaÃ±eros de @TheBridge_Tech nos hablan de #softskills en IT, en #devspega junto a @flyncercom 
El valor diferencial de todo profesional. https://t.co/0On5h6N9hR",0,0,0
27,2022-04-26 11:12:18,COGITIValencia,"#ESTAPASANDO Talento y competencias digitales #SP22
InÃ©s Garcia @TheBridge_Tech
Enric Montesa @COEV_COM
Leticia Gonzalvez Directora marketing @sesamehr_
La competencia digital demandada en las empresas no son las bÃ¡sicas que todos tenemos. https://t.co/orPM5iTbPE",3,0,1
28,2022-04-26 11:06:11,burn_es,Tenemos que decir que el BURN Mondays de ayer con @TheBridge_Tech fue muy top! ğŸ”â€‹â¤ï¸â€ğŸ”¥,3,1,1
29,2022-04-25 15:05:53,TheBridge_Tech,"Este jueves Job Market Place en @TheBridge_Tech con @spaingeneration La feria de empleo con el mejor talento de #marketingdigital @AccentureSpain, @Siliconhr1, ... participarÃ¡n en busca del mejor talento. Si eres empresa y quieres participar ğŸ‘‰https://t.co/0n4iufzfmi https://t.co/A51YStbfjF",0,0,0
30,2022-04-25 09:58:29,TheBridge_Tech,"""Necesitaba formaciÃ³n tÃ©cnica para potenciar mi empleabilidad"", cuenta nuestra alumni Clara BayÃ³n a @el_pais ğŸ—Tras hacer el #bootcamp en #ciberseguridad ahora trabaja en @DeloitteDE Check it out! ğŸ‘‰https://t.co/XGIPZfmtx6 https://t.co/7jrVa74qTG",0,0,0
31,2022-04-22 08:43:37,MujeresaSeguir,Mercedes Mac Pherson @Globant : 'Hay un desconocimiento grande del poder de transformaciÃ³n de la tecnologÃ­a' #mujerytecnologÃ­a @TheBridge_Tech https://t.co/OFDlmziC1y,2,0,0
32,2022-04-22 08:33:23,MujeresaSeguir,Sara GÃ³mez @RainG 'La sociedad no sabe lo que hacemos los ingenieros y los tecnÃ³logos' #mujerytecnologÃ­a @TheBridge_Tech @Globant https://t.co/lYFyIZuW3J,5,1,0
33,2022-04-22 08:29:12,MujeresaSeguir,Comienza nuestra segunda mesa 'CÃ³mo construir un futuro que nos representa'. AquÃ­ te dejamos el enlace para seguirnos en streaming https://t.co/ABQkBBLKmT #mujerytecnologÃ­a @Globant @TheBridge_Tech https://t.co/kApsKZ04SD,2,0,0
34,2022-04-22 08:26:55,MujeresaSeguir,"Carmen Artigas, secretaria de Estado de DigitalizaciÃ³n e Inteligencia Artificial de Asuntos EconÃ³micos y TransformaciÃ³n Digital: 'Es nuestro momento. El momento de las mujeres' #mujerytecnologÃ­a @Globant @TheBridge_Tech https://t.co/gLjyCQPBRH",5,3,0
35,2022-04-22 08:22:02,MujeresaSeguir,"'Nunca se progresa desde el miedo. Hay que arriesgarse disfrutando', Irene Cano @Meta #mujerytecnologÃ­a @TheBridge_Tech @Globant https://t.co/yaoUnWJIs6",4,1,0
36,2022-04-22 08:19:53,MujeresaSeguir,"'Hay que tener una apertura de mente en los modelos educativos' MarÃ­a Rotondo @Telefonica 
AquÃ­ te dejamos el enlace para seguirnos en streaming https://t.co/ABQkBBLKmT #mujerytecnologÃ­a @Globant @TheBridge_Tech https://t.co/dB8tF3prJv",2,0,0
37,2022-04-22 07:48:10,MujeresaSeguir,"A dÃ­a de hoy, el 41 % de las  investigaciones pÃºblicas las hacen mujeres. Descubre mÃ¡s datos en numerosas jornada @TheBridge_Tech #mujerytecnologÃ­a 
https://t.co/bNRyoB4h6y https://t.co/ZBQ4299zQW",0,0,0
38,2022-04-22 06:55:37,Capgemini_ES,@MujeresaSeguir @Globant @TheBridge_Tech QuÃ© gran panel!,0,0,0
39,2022-04-21 14:26:16,TheBridge_Tech,"Â¿Unimos #psicologÃ­a, diseÃ±o #uxui y #realidadvirtual? La respuesta: SÃ! Te invitamos a la mesa redonda del 28 de abril en @TheBridge_Tech donde trataremos el diseÃ±o ux desde el punto de vista del tratamiento de las fobias a travÃ©s de la #vr. Entradas ğŸ‘‰https://t.co/JGOpD7p2rO",0,0,0
40,2022-04-21 12:42:41,GemmaRBar,@MujeresaSeguir @Globant @TheBridge_Tech Apuntado en la agenda ğŸ‘Œ,0,0,0
41,2022-04-21 12:01:42,TheBridge_Tech,Â¡Gracias a vosotros! https://t.co/g7otWL5xbs,1,0,0
42,2022-04-21 11:30:01,itep_es,"ğŸ“¢Como ya sabÃ©is, antes de #SemanaSanta, nuestro alumnado de la #FPinformÃ¡ticağŸ’» visitaron @TheBridge_Tech. Gracias a su trato hacia #ITEPğŸ”µ y su colaboraciÃ³n os ofrecemos nuevas imÃ¡genes de esa actividadâ€¼ï¸ En ellas queda patente el interÃ©s de la cita ğŸ‘ŒğŸ» https://t.co/nt0LFYitDB",4,1,0
43,2022-04-20 11:26:24,mrentem,@TheBridge_Tech Otro de los placeres de haber pasado unos meses en esas aulas!! ğŸ˜‰ğŸ‘©ğŸ»â€ğŸ’»,1,0,0
44,2022-04-20 07:56:32,TheBridge_Tech,"Â¡QuÃ© bonito es nuestro palacio! ğŸ˜ Todo un privilegio para alumnos, profes y staff poder disfrutar de este espacio en pleno centro de Madrid. https://t.co/DCPt8lWJ6A",3,0,1
45,2022-04-20 04:57:14,alicesilverpol,"Actualmente acoge las oficinas de The Bridge, una aceleradora de talento digital
ğŸ“· @TheBridge_Tech https://t.co/xgWzxnqdOI",8,0,1
46,2022-04-19 19:55:08,jmnavarro,@bertinha84 @TheBridge_Tech ğŸ‘ğŸ»ğŸ‘ğŸ»ğŸ‘ğŸ»  ğŸ™ŒğŸ»,1,0,0
47,2022-04-19 15:34:25,TheBridge_Tech,"â–¶Os presentamos a JesÃºs, alumni reciÃ©n graduado del #bootcamp de #digitalmarketingops que tras acabar la carrera se lanzÃ³ en busca de una especializaciÃ³n en #MarketingDigital Â¡Gracias JesÃºs por compartir tu experiencia y mucha suerte! ğŸš€ MÃ¡s info ğŸ‘‰https://t.co/GtnhQmDsGP https://t.co/4VV7VDyjjP",1,0,0
48,2022-04-18 15:05:12,bertinha84,@AndreaMaganRey @TheBridge_Tech https://t.co/fpGUkYnGX4,1,0,0
49,2022-04-18 14:52:49,AndreaMaganRey,@bertinha84 @TheBridge_Tech A por ello @bertinha84 https://t.co/tz445Lv3mV,1,0,1
50,2022-04-18 13:37:44,bertinha84,@alinnfm @TheBridge_Tech https://t.co/0IWmJ42wab,0,0,0
51,2022-04-18 13:22:37,alinnfm,"@bertinha84 @TheBridge_Tech Â¡Â¡Que emociÃ³n!! ğŸ¤—
Todo lo bueno del mundo para ti en esta etapa ğŸ†",1,0,1
52,2022-04-18 08:26:32,TheBridge_Tech,@bertinha84 Ese nudo es presagio de algo bueno ğŸ˜†Â¡Bienvenida a @TheBridge_Tech ! Muchas horas de #UXUI te esperan ğŸ™Œ Â¡sin miedo!,1,0,0
53,2022-04-18 06:50:51,bertinha84,"@marcosDLCS @TheBridge_Tech Lo harÃ©, gracias Marcos ğŸ™‚",0,0,0
54,2022-04-18 06:43:57,marcosDLCS,"@bertinha84 @TheBridge_Tech Mucha suerte en la nueva aventura.

Â¡No olvides compartir tu camino y tus experiencias! 

Seguro que son de utilidad para la comunidad.

ğŸ’ª",1,0,1
55,2022-04-18 06:03:12,bertinha84,Hoy empiezo en un ratito mi camino en el Ux/ui de la mano de @TheBridge_Tech en su bootcamp. Tengo un nudo enorme en el estÃ³mago y todas las ganas de aprender. A por todas voy!,6,1,5
56,2022-04-12 13:12:30,CodenotchMAD,"@manufosela @Adalab_Digital @4GeeksAcademyES @socratech_ @TheBridge_Tech @ITAcademy @nebulova_es Muy orgullosos de nuestros Top Notch CodersğŸš€
Mucho Ã¡nimo a esa 6Âª #GeneracionK  de 
@kairos_ds con todo lo nuevoğŸ‘",0,0,0
57,2022-04-12 11:55:30,manufosela,"De los 21, hay 7 desarrolladoras de @Adalab_Digital, 4 de @4GeeksAcademyES, 2 de @CodenotchMAD, 1 de @socratech_ , 1 de @TheBridge_Tech, 1 de @ITAcademy, 1 de @nebulova_es y de FP-DAW y autodidactas.",12,3,3
58,2022-04-12 09:11:58,TheBridge_Tech,A la vuelta de #SemanaSantaSevilla tocağŸ‘‰ #bootcampsğŸ§‘â€ğŸ’»EspecialÃ­zate en #datascience o #desarrollowebfullstack con nuestros programas en colaboraciÃ³n con @ENCamaraSevilla Â¡Estudia en pleno centro de Sevilla! Y en unos meses sal a comerte el sector techğŸš€https://t.co/1MQSzZSqLv https://t.co/ggtxFWCV72,3,1,0
59,2022-04-11 11:05:33,TheBridge_Tech,"ğŸ“…El 25 de abril estrenamos los #BurnMondaysğŸ”¥, con la colaboraciÃ³n de @burn_es, una oportunidad para que nuestr@s alum@s puedan presentar sus proyectos, hacer un taller... En definitiva, mostrar su talento alğŸŒ Â¡Save the date! â¡ Entradas https://t.co/yzVCLHZXVd  
#bootcamps https://t.co/yZuTjBCGIf",0,1,0
60,2022-04-07 11:18:21,TheBridge_Tech,@burn_es Â¿AlgÃºn que otro? ğŸ˜ Toda energÃ­a extra es bienvenida y necesaria ğŸ”‹ğŸ”¥ Â¡Gracias @burn_es! Pronto haremos buen uso de ella... https://t.co/p0uELS5eIf,0,0,0
61,2022-04-07 10:00:06,burn_es,"Nos han contado que en @TheBridge_Tech se lo curran mucho... Hemos colado algÃºn que otro BURN, Â¿os viene bien una ayudita de energÃ­a? ğŸ”‹ğŸ”¥",6,1,1
62,2022-04-07 07:35:47,TheBridge_Tech,En dos semanas empezamos los bootcamps Part Time (compatibles con trabajo/estudios) en #Sevilla y en @ENCamaraSevilla ya hay quiÃ©n ha empezado a calentar!!ğŸ’ª Â¿Preparados para lo que viene? ğŸ‘‰https://t.co/1KbOQQK8iw https://t.co/qfXAXSFyZ4,0,0,0
63,2022-04-06 09:13:36,beajmnz,@TheBridge_Tech Â¡A vuestra disposiciÃ³n! Â¡Muchas gracias!,0,0,0
64,2022-04-06 07:55:05,TheBridge_Tech,"@AndreaMaganRey Hola Andrea Â¡QuÃ© gran trabajo! Estamos encantados de pasarte informaciÃ³n para que puedas completar ese listado, te mandamos un DM ğŸ‘",0,0,0
65,2022-04-05 13:07:13,raulcotrina,@assemblerinstit @TheBridge_Tech @CraftCodeTech @CodeHouseLearn @CodenotchMAD @NeolandStudio @Adalab_Digital @IEuniversity @lemoncoders @codeworks @geeks_academy @penascalf5 Hola. Lo tenemos en formato Json en Git. https://t.co/x2dnE2VFAB PodÃ©is hacer un PR ;),3,0,0
66,2022-04-05 13:03:14,assemblerinstit,"@raulcotrina @TheBridge_Tech @CraftCodeTech @CodeHouseLearn @CodenotchMAD @NeolandStudio @Adalab_Digital @IEuniversity @lemoncoders @codeworks @geeks_academy @penascalf5 Muy buenas RaÃºl, nos parece una idea increÃ­ble. Â¿Me dices donde te pasamos la informaciÃ³n de los cursos que tenemos actualmente?",0,0,1
67,2022-03-31 20:04:25,TheBridge_Tech,"Cuando piensas en un hacker... Â¿Te imaginas a una mujer? ğŸ¤” ""Son muy pocas las mujeres que deciden apostar por estudios de tecnologÃ­a, hay que fomentar la inclusiÃ³n de las mujeres en un mercado laboral con un futuro muy prometedor"", explica @ikerarceseco ğŸ‘©â€ğŸ’»https://t.co/UQgHL1tLCQ",0,0,0
68,2022-03-30 11:12:07,TheFringeLABS,Hemos colaborado con @TheBridge_Tech aportando el proyecto final de los alumnos para el DesafÃ­o de Tripulaciones y premiando a los 3 grupos con una donaciÃ³n para la ONG de su elecciÃ³n. IncreÃ­bles resultados en tiempo rÃ©cordğŸ¤© #apoyamoseltalentotech https://t.co/vJ5HdV6gSN https://t.co/LpSUpFtdfp,4,1,0
69,2022-03-30 10:01:47,TheBridge_Tech,"Â¡LlegÃ³ el dÃ­a! Hoy es el #DesafiodeTripulaciones âš” en el campus de #Valencia Â¡Mucha suerte a toda esa primera promociÃ³n valenciana presentando sus sÃºper webapps! No te lo pierdas â–¶ Sigue ya el DIRECTO aquÃ­ https://t.co/lLXz2wKxaX

#datascience #fullstackwebdevelopment #bootcamp",1,2,0
70,2022-03-30 09:35:11,vocentoeventos,"Seguimos con la 2mesa #ForoVocentoEducaciÃ³n: FormaciÃ³n para el futuro y las nuevas profesionales que vienen. Participan:
â–ªï¸ @JuanJoseJuarez @FBertelsmann
â–ªï¸ @mortizcotro @FundCreate
â–ªï¸ Iker Arce @TheBridge_Tech
â–ªï¸ Gabriel Masfurroll @UABBarcelona
ğŸ”´DIRECTO https://t.co/8xxFlqVpCP https://t.co/3qAkFVQ9bs",8,2,0
71,2022-03-30 07:47:54,TheBridge_Tech,"A partir de las 11h nuestro CEO @ikerarceseco participa en el #ForoVocentoEducacion en el debate ""FormaciÃ³n para el futuro y las nuevas profesiones que vienen"" organizado por @Vocento (@vocentoeventos) y @KreabEspana. SÃ­gueloğŸ”´EN DIRECTO â¡ https://t.co/JFh6RBMBd4 https://t.co/OvbZKL0yVZ https://t.co/RJvjrxULch",4,0,0
72,2022-03-29 16:26:46,vocentoeventos,"2âƒ£ FORMACIÃ“N PARA EL FUTURO Y LAS NUEVAS PROFESIONES QUE VIENEN
â–ªï¸ @JuanJoseJuarez (@FBertelsmann)
â–ªï¸ @mortizcotro (@FundCreate)
â–ªï¸ Iker Arce (@TheBridge_Tech)
â–ªï¸ Gabriel Masfurroll (@UABBarcelona)
Modera: Antonio San JosÃ© (@asanjoseperez) (@KreabEspana) 
#ForoVocentoEducaciÃ³n https://t.co/kMY2q5gEZE",3,1,1
73,2022-03-26 13:30:10,nodosenlared,"Jaime, estoy seguro de que en @TheBridge_Tech , la aceleradora de talento digital lÃ­der en nuestro paÃ­s, estarÃ­an encantados de ayudarte en la organizaciÃ³n de ese Hackhaton. Al menos yo lo estoy ğŸ˜‰ https://t.co/60ybQN84qk",6,2,0
74,2022-03-24 18:17:28,ENCamaraSevilla,"La @camaradesevilla organiza junto al Grupo Planeta y su presidente JosÃ© Lara, este encuentro con las empresas #ClubCÃ¡mara para recoger las necesidades del #SectorTecnolÃ³gico y presentar nuestra oferta de #Bootcamps de la mano de @TheBridge_Tech https://t.co/rJkWd5MKT8 https://t.co/J6SHTHXylM",7,4,0
75,2022-03-24 16:18:18,TheBridge_Tech,Hoy han venido a visitarnos los alumnos de @itep_es de #DAM #ASIR y #MARKETING para conocer nuestro campus de Madrid y el futuro de profesiones tecnolÃ³gicas como las suyas Â¡Esperamos que hayais pasado una estupenda jornada! Sois los profesionales #techie del maÃ±ana ğŸ‘©â€ğŸ’»ğŸ§‘â€ğŸ’» https://t.co/U1gPnU7TgI,1,0,0
76,2022-03-24 10:30:11,TheBridge_Tech,"Â¿Crees que lo sabes todo?ğŸ¤“Â¡DÃ©jate sorprender! AdÃ©ntrate en el mundo de la #ProgramacionWeb y las criptomonedas, conoce la metolodogÃ­a #Scrum o profundiza en el #deeplearning. ApÃºntate a nuestros talleres gratuitos y amplÃ­a horizontes ğŸ‘‰https://t.co/bYfstQB02R https://t.co/O1Y4J6puMR",0,0,0
77,2022-03-18 08:19:22,TheBridge_Tech,"Â¡Comenzamos el #Desafiodetripulaciones âš” de la promo full time de noviembre! El tema de los proyectos: el #coliving, con la colaboraciÃ³n de @TheFringeLABS  Â¡No te pierdas las web apps que han creado! ğŸ”´EN DIRECTO https://t.co/PepMdUmCMu",5,4,0
78,2022-03-17 18:30:10,CourseReport,"ğŸ‰ Congrats to @simplilearn, @TheBridge_Tech, @thinkful, and @udacity who made it on our list of the 14 Best Digital Marketing Bootcamps of 2022! https://t.co/tgUf4qX2DX https://t.co/MIhFTrM9lA",0,0,0
79,2022-03-17 11:18:27,TheBridge_Tech,"MÃ¡s de 300.000 expertos en #ciberseguridad se han unido en una especie de ""ejÃ©rcito IT"" en Ucrania para llevar a cabo ataques informÃ¡ticos contra infraestructuras y empresas rusas ğŸ‘¾ğŸ”“https://t.co/CERWGVqWQw",0,0,0
80,2022-03-17 08:52:24,carlosguardiola,"En 2021, las instituciones que forman profesionales digitales con modelos de Bootcamp prepararon a mÃ¡s personas que el 94% de las universidades espaÃ±olas @Adalab_Digital @TheBridge_Tech @ironhack https://t.co/zyzeLrNdLo",5,0,1
81,2022-03-15 19:01:18,CourseReport,"ğŸ” We've combed through student &amp; alumni reviews to find the 17 Best Cyber Security Bootcamps of 2022, including @Level_Effect, @nexgent, @simplilearn, @Springboard, and @TheBridge_Tech! 
https://t.co/t9VCetS80T https://t.co/uhS3m8KSBT",3,2,0
82,2022-03-14 23:28:02,soyelsimo,@PICKYUAN @TheBridge_Tech @PagePersonnel Yo por experiencia te dirÃ­a que busques otra escuela. Cuando las cosas funcionan bien todo muy bonito ahora cuando noâ€¦ no hacen nada y te dicen que esto es lo que hay ğŸ˜…ğŸ¤¦â€â™‚ï¸,0,0,0
83,2022-03-14 16:34:24,TheBridge_Tech,Â¡Muy contentos por todos ellos! 100% empleabilidad en la promociÃ³n de junio. Gracias desde @TheBridge_Tech por confiar y ponerlo todo tan fÃ¡cil Â¡Felicidades! #fullstackdevelopers #datascientists #digitalmarketers #uxuidesigners #cybersecurityanalysts ğŸ¯ğŸ’¼ https://t.co/R0eGi9QXv5,3,1,0
84,2022-03-11 19:07:12,TheBridge_Tech,"ğŸ‘¾La #ciberseguridad, mÃ¡s necesaria que nunca.

El #sectortecnolÃ³gico pide mÃ¡s financiaciÃ³n y formaciÃ³n de profesionales para evitar ataques a sectores claves para la economÃ­a como energÃ­a, finanzas y transporte ğŸ”’Â https://t.co/OxY8JpRavS",0,0,0
85,2022-03-11 08:11:49,TheBridge_Tech,"Â¿AlgÃºn identificado en la sala? ğŸ˜‚

#desarrolloweb #css #fullstackdeveloper https://t.co/169UXtS1b5",0,0,0
86,2022-03-09 13:02:12,TheBridge_Tech,Faltan por salir las listas de #UXUIProductDesign #DataScience y #DesarrolloWebFullStack Â¡SerÃ­a estupendo volver a aparecer!,1,0,0
87,2022-03-09 12:09:36,TheBridge_Tech,Â¡El #bootcamp de #Ciberseguridad de @TheBridge_Tech vuelve a estar entre los mejores bootcamps del mundo! Y este aÃ±o tambiÃ©n nos estrenamos con el de #DigitalMarketingOps que entra por primera vez en la lista de #CourseReport! Una sÃºper noticiağŸ‘ğŸ‘Â¡Gracias a todos! #bestbootcamps https://t.co/3xShvybDST,2,2,1
88,2022-03-05 15:02:16,pablooliete,"DÃ­a para agradecer a @TheBridge_Tech y @Glovo_ES la oportunidad que han dado a estos dos cracks para formarse con @codeorg en programaciÃ³n por bloques en un curso de 48 horas de duraciÃ³n.
Bravo ğŸ™Œ 
ğŸ”ğŸ¦¸ğŸ»â€â™‚ï¸ğŸ¦¸ğŸ»â€â™€ï¸ğŸ­ğŸ‡ªğŸ‡¸ https://t.co/ZTCrroHQTc",13,0,0
89,2022-03-03 14:55:10,Poder_Liderazgo,[OpiniÃ³n] Por mÃ¡s mujeres lÃ­deres en tecnologÃ­a https://t.co/FqVeFL1ljq https://t.co/SFOFIEv1Uo @TheBridge_Tech https://t.co/kBo9xGdGrU,0,0,0
90,2022-03-03 14:54:32,Poder_Liderazgo,[OpiniÃ³n] Por mÃ¡s mujeres lÃ­deres en tecnologÃ­a - https://t.co/FqVeFL1ljq @TheBridge_Tech https://t.co/TE5sXsBaAT,0,0,0
91,2022-03-03 14:45:14,TheBridge_Tech,"@PICKYUAN @PagePersonnel Sentimos mucho el fallo tÃ©cnico. Revisaremos que pudo pasar, pueden conectarse a prÃ³ximos eventos o contactarnos si quieren mÃ¡s informaciÃ³n sobre la escuela llamar al 919 01 72 57 Â¡Gracias!",1,0,0
92,2022-03-02 18:25:08,PICKYUAN,"@TheBridge_Tech @PagePersonnel Mi hijo y yo nos apuntamos con muchos dÃ­as de antelaciÃ³n
Hoy a las 7 nos conectamos y aparece el mensaje ""Enlace caducado"": no nos hemos podido conectar
Es una pena que, ademÃ¡s de tener que recurrir a lo on-line, con la frialdad que supone, ocurran estos fallos tÃ©cnicos
Muy mal",0,0,2
93,2022-03-02 08:34:22,TheBridge_Tech,"Â¡Empezamos el 21 de marzo en #Sevilla! No te puedes perder este taller de empleabilidad con el que arrancamos ğŸš€ Entradas: https://t.co/91M74qEah2
ğŸ“…Hoy a las 19h
ğŸ“C/Isabela 1, Sevilla
@ENCamaraSevilla https://t.co/euWktCKqYp",1,0,0
94,2022-02-28 10:49:52,MyNews_es,"Toma contacto con el #marketingdigital de la mano de @TheBridge_Tech. Aprende a usar el contenido, el email, las redes sociales y la publicidad digital en este taller impartido por @jpereznavarreteğŸ“

ğŸ“…Jueves 3 de marzo, 18-19h (online)

#EventoDeLaSemana  #masterclass #MyNews",2,0,1
95,2022-02-28 08:23:30,TheBridge_Tech,Gracias @insidezeusdata y @vicencf por la jornada formativa Â¡Fue toda una experiencia para nuestros alumnos de #Valencia! ğŸ¤— https://t.co/CCJh9DGB2f,2,0,0
96,2022-02-25 13:15:24,insidezeusdata,"Nuestro PMO @vicencf da una clase a los alumnos de @TheBridge_Tech  en nuestras instalaciones ğŸš€

#bigdata #data #education https://t.co/jiskmovU0m",4,1,0
97,2022-02-25 11:02:36,TheBridge_Tech,"Â¡#Datascientist mirad esto! âš½ğŸƒ CÃ³mo @LaLiga utiliza el dato y la inteligencia artificial (IA) para predecir cuÃ¡les son las mejores fechas para celebrar partidos, monitorizar la venta de entradas... Â¡Interesante conocer su filial @LaLigaTech! https://t.co/HrEwHLEivh
#datascience",1,0,0
98,2022-02-25 07:59:12,TheBridge_Tech,Â¡Gracias a vosotros! Los alumnos se llevaron grandes consejos y una visiÃ³n del mercado laboral en profesiones #tech desde la perspectiva de #seleccion y #recruitment ğŸ¤© @PagePersonnelES @michaelpage_es https://t.co/GaG9M8PTOA,1,0,0
99,2022-02-24 15:13:05,michaelpage_es,"Hace unos dÃ­as, nuestras compaÃ±eras InÃ©s Bdiri y Alba Calvo estuvieron en la Aceleradora de Talento digital @TheBridge_Tech para contar a sus alumnos las ""best practices"" en la bÃºsqueda de empleo y Â¡fue un Ã©xito! ğŸ‘

Â¡Gracias a todos los asistentes!ğŸ™Œ https://t.co/JLvRI7z6Ti",0,0,0
100,2022-02-22 15:12:12,TheBridge_Tech,"Si veis estos carteles por Sevilla, SÃ, SOMOS NOSOTROS! Aterrizamos en marzo con los #bootcamps en #DataScience y #DesarrolloWebFullStack Â¡Pide informaciÃ³n sin compromiso! En colaboraciÃ³n con @ENCamaraSevilla y @camaradesevilla ğŸ‘ https://t.co/V8mmlFAlEc https://t.co/JUOBlK4F7V",2,2,0
101,2022-02-22 07:20:00,FUniversia,"ğŸ“¢Â¡Ãšltima semana!
AÃºn puedes solicitar una de las becas que otorgamos junto a @IndraCompany para la realizaciÃ³n de un #bootcamp de Desarrollo Web Full-stack en @TheBridge_Tech ğŸ’»

ğŸ’»10 #becas dirigidas a personas con #discapacidad con formaciones #STEM ğŸ“² https://t.co/ubL3Gyg3Gl https://t.co/yHUvz4zCXG",6,1,0
102,2022-02-21 10:43:12,TheBridge_Tech,"Â¡Nuevos eventos para febrero y marzo! Talleres sobre #IA, #marketingdigital #empleabilidad, #ciber, #datascience Â¡No te los pierdas e inscrÃ­bete! â¬‡ï¸ https://t.co/bSsTjrDH8l https://t.co/4b1jxJmMLO",0,0,0
103,2022-02-19 15:18:18,soyelsimo,Yo he caÃ­do en el bootcamp de Data science de @TheBridge_Tech en madrid. Si valor agregado consiste en presionarte para que aprendas por tu cuenta. Si no aprendes es tÃº culpa porque su mÃ©todo es muy sÃ³lido. Aunque se queje el 50% de la clase. https://t.co/g892EydfYy,0,1,0
104,2022-02-18 10:57:48,IndraCompany,Â¿AÃºn no has solicitado tu beca para el #bootcamp de Desarrollo Web Full-stack en @TheBridge_Tech? Si tienes #discapacidad y una formaciÃ³n universitaria #STEM puedes recibir una de las 10 becas de @IndraCompany y @FUniversia ğŸ“²Â¡InscrÃ­bete ya! https://t.co/wYjp06QE9c https://t.co/bLDY1DVOKa,8,5,0
105,2022-02-15 17:32:04,Women4Cyber_SP,Presentando nuestra 2Âª ediciÃ³n del Programa de Mentoring de forma presencial en @TheBridge_Tech. Encantadas con la asistencia y el apoyo de nuestros mentores y mentees ğŸ™‚ğŸ™‚ Muchas gracias!! #womenincyber #W4C https://t.co/JcPYHB5Aze,8,1,0
106,2022-02-13 19:38:48,AIBot_CdH,@peritecno @jcgalindo_ @Women4Cyber_SP @TheBridge_Tech @bbva @sanitas @unicc_ict @EduvigisOrtiz @tima_soni QuÃ© pena no poder asistir de manera presencial y poder conocer al resto de mentores y mentees,2,0,0
107,2022-02-12 17:51:40,soyuxpuntocom,@uxbs_podcast El bootcamp de @TheBridge_Tech,4,1,0
108,2022-02-11 10:38:26,TheBridge_Tech,"Hoy se celebra VLC Tech Women con motivo del #DiaDeLaMujeryLaNiÃ±aEnLaCiencia, un evento en el que se hablarÃ¡ de inteligencia artificial, datos y el futuro de la mujer en la tecnologÃ­a @AcmUpv @AcmWUpv https://t.co/OhDBKHnsQQ Â¡Promete ser muy interesante!ğŸ‘©â€ğŸ’»",0,1,0
109,2022-02-10 15:50:18,TheBridge_Tech,"Sevilla estÃ¡ llena de talentos digitales por descubrir Â¿te animas a conocer las profesiones del futuro?ğŸ§‘â€ğŸ’»Ven al taller y conoce de la mano de @pagepersonnel los perfiles mÃ¡s demandados Â¡Saca tus entradas!ğŸ‘‰ 2 de marzo, 19h. https://t.co/5UMpplARdX",1,1,1
110,2022-02-08 10:42:03,TheFringeLABS,Â¡Feliz martes porque podemos anunciar que los Proptech Thursdays aterrizan en Madrid el 3 de marzo! ğŸ‰Hemos creado estos eventos mensuales con la colaboraciÃ³n de @apicatalunya  y @TheBridge_Tech  y podÃ©is reservar vuestras entradas en este enlace: https://t.co/cHFFfDUA9Z,2,0,1
111,2022-02-08 09:00:22,FUniversia,"AÃºn puedes solicitar una de las becas que otorgamos junto a @IndraCompany para la realizaciÃ³n de un #bootcamp de Desarrollo Web Full-stack en @TheBridge_Tech ğŸ’»

Son 10 #becas dirigidas a personas con #discapacidad con formaciones #STEM ğŸ“² https://t.co/ubL3GyycUt https://t.co/KAzkvXPFkY",3,0,0
112,2022-02-06 21:01:55,antoniolopezg,"Muchas ganas de hablar este martes con alumnos de @TheBridge_Tech acerca de como hacemos #DataScience #MachineLearning en Decathlon
https://t.co/asAw5W6uht https://t.co/4HOtEnbx7P",1,0,0
113,2022-02-03 14:49:57,zoomtecnochile,AutomatizaciÃ³n y el Covid-19 en el horizonte del nuevo trabajador https://t.co/aA3d4D199h #TalentoProfesional #TheBridge #Automatizacion @thebridge_tech,1,0,0
114,2022-02-03 10:18:12,TheBridge_Tech,"Â¡Nos visita @DecathlonES ! Si te interesa la ciencia de datos y cÃ³mo se aplica a proyectos reales Â¡ApÃºntate al evento! ğŸ‘‡ El 8 de febrero a las 17.30h ğŸ˜‰
#datascience #bestpractice #freeevent
https://t.co/pXyFXll3fa",3,1,0
115,2022-02-02 09:47:00,TheBridge_Tech,"Cada vez se habla mÃ¡s de las ""soft skills"" y de lo importante que son para aplicar a posiciones tecnolÃ³gicas Â¡Descubre cuÃ¡les son en nuestro evento ""Soft Skills en tiempos de robots""! Saca tu entrada ğŸ‘‡
https://t.co/PfcDscwDtP",0,0,0
116,2022-02-01 16:40:00,camaradesevilla,"ğŸ”¥ Â¡Impulsa tu carrera profesional con los nuevos #BootCamps de la @encamarasevilla!

âœ…Participa en el #OpenDay de los BootcampsğŸš€ de Data Science y Desarrollo Web Full Stack con @TheBridge_Tech.

MÃ¡s informaciÃ³n en â¤µ

https://t.co/CspTlfsJR8 https://t.co/ModB2H17pc",2,2,0
117,2022-01-31 15:08:09,IndraCompany,"AÃºn puedes solicitar una de las becas que otorgamos junto a @FUniversia para la realizaciÃ³n de un #bootcamp de Desarrollo Web Full-stack en @TheBridge_Tech ğŸ’»
Son 10 #becas dirigidas a personas con #discapacidad con formaciones #STEM ğŸ“² https://t.co/wYjp06QE9c https://t.co/OYCENTaRMr",6,2,0
118,2022-01-27 08:33:56,pumuckey,"@kenia913 @_JorgeSLL_ @ChemaCorbacho @InesSainzOf @CHANCE_es @TheBridge_Tech No es asÃ­. Hay una carrera universitaria llamada Ciencia de Datos y tambiÃ©n postgrados, pero lo que ha hecho ella es un curso de 15 semanas que no require tener estudios previos, el Ãºnico requisito haber cumplido 18 aÃ±osâ€¦ 15 semanas de curso y se autodefine como â€œCientÃ­ficaâ€ ğŸ¤¦ğŸ»â€â™€ï¸",0,0,0
119,2022-01-26 18:00:00,SoyValor,"ğŸ‘ @FUniversia, @IndraCompany y @TheBridge_Tech ponen en marcha programa de formaciÃ³n tecnolÃ³gica gratuita para personas con discapacidad.

Lee mÃ¡s aquÃ­ ğŸ‘‰ https://t.co/8S1QiTK66I https://t.co/I2gFpUMUnG",1,0,0
120,2022-01-25 12:04:30,AssociacioACEC,"ğŸ“°@UniversiaES, @IndraCompany i @TheBridge_Tech signen un acord per a engegar un programa de #beques dirigit a persones amb discapacitat que compten amb estudis #STEM, als quals donaran accÃ©s a un bootcamp d'aprenentatge en Desenvolupament Web Full-stack

https://t.co/dd3G8smkNU https://t.co/kwtYcCiyBV",1,0,0
121,2022-01-24 11:54:42,TheBridge_Tech,"Â¡Open Day Sevilla! Asiste al evento y conoce mÃ¡s sobre los bootcamps de #DataScience y #DesarrolloWebFullStack en nuestra nueva sede en la @ENCamaraSevilla @camaradesevilla Â¿EstÃ¡s pensando en acelerar tu carrera digital?

ğŸ‘©â€ğŸ’»Saca ya tus entradasğŸš€https://t.co/j6mTRz4NDB",3,3,0
122,2022-01-22 10:16:00,TheBridge_Tech,"Â¡Inside The Bridge! Â¡EmociÃ³n a flor de piel! AsÃ­ reacciona Miriam SÃ¡nchez, la profe de UX/UI a los #proyectosfinales de los alumnos Â¡Se puede decir que ya son UX/UI Designers! ğŸ˜†

#uxui #bootcamp #clases #motivacion #palabrasraras https://t.co/bU5ZaGcTPV",1,1,0
123,2022-01-21 11:00:02,FUniversia,"Junto con @IndraCompany lanzamos 10 becas destinadas a la realizaciÃ³n de un #bootcamp de Desarrollo Web Full-stack en @TheBridge_Tech ğŸ’»
Estas becas estÃ¡n dirigidas a personas con #discapacidad que cuenten con formaciones #STEM 
ğŸ“…Hasta el 28/02
ğŸ“² https://t.co/ubL3GyxF4V https://t.co/UP09YF3eb9",8,0,0
124,2022-01-21 10:22:41,IndraCompany,"Junto a @FUniversia otorgamos 10 becas destinadas a la realizaciÃ³n de un #bootcamp de Desarrollo Web Full-stack en @TheBridge_Tech 
ğŸ’» Estas becas estÃ¡n dirigidas a personas con #discapacidad con formaciones #STEM  
ğŸ“…Hasta el 28/02 https://t.co/wYjp06QE9c https://t.co/qb8rHZOxtG https://t.co/uIIWUf5IZH",5,0,0
125,2022-01-21 09:47:17,diegodl,Hoy tenemos reto de tripulaciones @TheBridge_Tech Un dÃ­a muy especial para todos! Enhorabuena a todos los alumnos que se gradÃºan hoy. https://t.co/f0nCFK8asz,1,0,0
126,2022-01-20 10:54:42,TheBridge_Tech,"Nuevo eventoğŸ¤©""La Inteligencia Artificial y la Ley: lo que hay y lo que viene"" a cargo de @rayadvd

ğŸ“†25 de enero en @TheBridge_Tech

Â¡Saca ya tus entradas!ğŸŸï¸https://t.co/EG7QBigIgJ

#ResponsibleAI #AILaw #Compliance @nodosenlared 
@josepcurto",3,1,0
127,2022-01-19 16:20:41,TheBridge_Tech,"El claustro de #DataScience de @TheBridge_Tech ha creado este ""escalofriante"" vÃ­deo haciendo uso de Inteligencia Artificial con motivo del tema del #DesafÃ­odeTripulaciones sobre la protecciÃ³n de las marcas Â¡Alumnos y famosos se mezclan en este ejercicio de #deepface! #IA ğŸ¤¯ https://t.co/3Eg8WYfV2p",1,2,0
128,2022-01-19 09:45:15,TheBridge_Tech,"La directora de #ciberseguridad de @siemens @NataliaOropezaG  aboga por una sÃ³lida estrategia de ciberseguridad de manera proactiva, y no reaccionar ""tras haber tenido un ataque o una auditorÃ­a interna, instalando algunas medidas aquÃ­ y allÃ­""âš”ï¸ #Checkitout
https://t.co/3ZXCwOU8pT",0,0,0
129,2022-01-18 16:02:13,TheBridge_Tech,"Del periodismo al marketing digital ğŸ¤¸ esta es la historia de Blanca GÃ³mez y su experiencia cursando el #bootcamp de #DigitalMarketingOps en @TheBridge_Tech Â¡Dale al â–¶! 

#digitaltalent #aceleratucarrera https://t.co/sU5Ogt3xGn",0,0,0
130,2022-01-12 19:03:03,nodosenlared,"Ciclo de Conferencias sobre Inteligencia Artificial Responsable curso 21-22:
""La Inteligencia Artificial y la Ley: lo que hay y lo que viene"" a cargo de @rayadvd 
El 25 de enero, en @TheBridge_Tech info: https://t.co/Zyvxg8uLb0 #ResponsibleAI #AILaw #Compliance | Cc @josepcurto https://t.co/ZqomfcYZ8j",6,1,0
131,2022-01-09 17:23:02,ing_titiritero,Me encantarÃ­a saber que les enseÃ±an sobre estadÃ­stica en el super curso de data science de @TheBridge_Tech,0,0,0
132,2022-01-08 12:10:46,cmarchena,"@cbusquets Hola, @TheBridge_Tech te da la opciÃ³n de pagar una vez consigues trabajo. @uxerschool tambiÃ©n te da opciones de pago. En mi opiniÃ³n son los dos top de Madrid",4,0,0
133,2022-01-05 08:00:01,pymesmagazine,"Â¿Quieres formarte en una de las profesiones que mÃ¡s futuro tienen en la actualidad?
Acuerdo entre @camaradesevilla y @TheBridge_Tech 
https://t.co/RyKjNHm0AE
#pymes #autonÃ³mos #emprendedores #Sevilla
#Actualidad #Noticias #NoticiasHoy",3,0,0
0,2023-02-13 13:36:10,my_tech_plan,"Les compartimos un mini resumen del 1Âº encuentro de #reinventadxs

Y anunciamos que entramos en la cuenta regresiva del 2Âº, apÃºntate esta fecha: 30 de marzo.

Â¿Te vemos en #Madrid?

Gracias a @thebridge_tech y el @milmadrid_ por hacerlo posible y nos vemos pronto!

#mytechplan https://t.co/z5fwZzNR5w",2,0,0
1,2023-02-13 16:12:19,TheBridge_Tech,"Â¡Nos vamos al WorkinLan Workshop en Bilbao junto a @BBK_eus !ğŸ¤©

Los dÃ­as 16 y 17 de febrero impartiremos talleres de UX/UI, Data, ponencias sobre nuevos empleos y podrÃ¡s ponerte a prueba con nuestro TechSkilling Proba.

Â¡InscrÃ­bete ya!ğŸ‘‰ https://t.co/4DDrV2k2VR

 #bbkbootcamps https://t.co/XCMlcPJDyy",1,2,0
2,2023-02-15 11:06:22,BitcoinTuesday_,"Gracias a nuestros amigos @TheBridge_Tech por acogernos ayer en una manera bastante flexible, tenÃ©is el equipo mÃ¡s adorable de todo Madrid! â™¥ï¸

Fue genial pasar San ValentÃ­n hablando #Bitcoin  ğŸ™",10,2,1
3,2023-02-15 11:53:53,TheBridge_Tech,@BitcoinTuesday_ Â¡Un placer!,2,0,0
4,2023-02-15 12:05:08,TheBridge_Tech,"Â¿Los colores tienen gÃ©nero?Â¿podemos hacer una app destinada a mujeres sin caer en estereotipos?

Para contestar a todo esto, presentamos la charla â€œLa perspectiva de gÃ©nero en el diseÃ±o UXâ€ Â¡No te lo pierdas!

ğŸ“†23 feb
â°18.00h
ğŸ’»Online

Â¡InscrÃ­bete ya! ğŸ‘‰https://t.co/18K0xxRZUn https://t.co/VBjXQrD34t",2,2,1
5,2023-02-15 15:40:14,TheBridge_Tech,"Â¿Te animas a crear un videojuego con programaciÃ³n? ğŸ® Â¡Ven al taller de #desarrollowebfullstack en Sevilla!

Desarrollaremos juntos un videojuego usando un poco de #JavaScript y #Canvas

ğŸ“†2 mar
â°18.00h
ğŸ“Campus @ENCamaraSevilla

Â¡ApÃºntate ya! ğŸ‘‰https://t.co/sO7cjQNX3A https://t.co/1AeD5EBmeT",2,3,0
6,2023-02-16 06:07:55,turoninos,@TheBridge_Tech @Vacolba @andresmacariog interesante,1,0,0
7,2023-02-16 09:51:54,PauMugarra,"Buenos dÃ­as CPSers!
Hoy podemos confirmar que el tercer meetup de la comunidad #CPS en Madrid serÃ¡ en @TheBridge_Tech. Agradecemos enormemente la generosidad de este espacio, y os esperamos el miÃ©rcoles que viene!

P.D: AÃºn quedan unas pocas plazas, estÃ¡is a tiempo de apuntaros",4,0,1
8,2023-02-16 17:07:33,42UrdulizFTef,".@EstiLeon, Responsable del campus #42UrdulizFTef ya se encuentra participando de la mesa redonda - ""Nuevos formatos en la formaciÃ³n"" del @workinlansummit!

Compartimos mesa con BBK Bootcamps by 
@TheBridge_Tech, IED KunsthalBilbao y @BBK_eus
 
#WORKinlan #Bizkaia #EducaciÃ³n https://t.co/Iu6ZYqlFLz",10,5,1
9,2023-02-17 13:23:22,Metricool_es,@42UrdulizFTef @EstiLeon @workinlansummit @TheBridge_Tech @BBK_eus Hoy finaliza #WORKinlan y lo hace ya con una buena participaciÃ³n en Twitter y eso que aÃºn queda todo el dÃ­a de hoy ğŸ’ª https://t.co/54lcCbyUGi,0,0,1
10,2023-02-17 13:25:58,Metricool_es,@42UrdulizFTef @EstiLeon @workinlansummit @TheBridge_Tech @BBK_eus @PSEBizkaia @josebamondarain @grupo_ssi @socialistavasco @PSEBilbao @MtzGra @elcorreo_alava @elcorreo_com Muy buenas interacciones estÃ¡n teniendo las comunidades de las siguientes cuentas que copan el TOP 12 del #WORKinlan ğŸ† https://t.co/g8SdZl1vL2,2,0,1
11,2023-02-20 14:30:32,TheBridge_Tech,"Seguro que has oÃ­do hablar del Cloud Computing â˜ Â¿Quieres conocer en profundidad quÃ© es eso de la nube y las posibilidades laborales que ofrece?

No te pierdas esta masterclassğŸ˜†

ğŸ“…1 de marzo
â°17 h.
ğŸ’»Online

Â¡ApÃºntate ya!ğŸ‘‰https://t.co/aay1QKnRN3 https://t.co/eboE19jT3P",2,1,1
12,2023-02-22 14:33:50,TheBridge_Tech,"De manager de #diseÃ±o a #fullstack developerğŸ‘©â€ğŸ’»

Esta es la historia de Isabel que realizÃ³ el #bootcamp de Desarrollo Web Full Stack para acelerar su carrera digital â¬‡

Â¿El resultado? Un cambio completo de trabajo y un nuevo comienzo en el sector #tech

#desarrolloweb #developer https://t.co/xTvyQiXhXB",2,2,1
13,2023-03-01 07:24:05,turoninos,"@TheBridge_Tech @Vacolba , interesante",0,0,0
14,2023-03-02 10:44:35,decentralized_b,"Este 14 de Marzo hay meetup en Madrid de @BitcoinTuesday_ , se va a hablar de un proyecto muy interesante para poder realizar desarrollos sobre Bitcoin. En breve se pasarÃ¡n los detalles
Ir reservando el dÃ­a y la hora, 7 PM en @TheBridge_Tech",21,12,2
15,2023-03-03 05:33:19,rperezmarco,@decentralized_b @BitcoinTuesday_ @TheBridge_Tech Que suspense! Miniscript?,2,0,2
16,2023-03-03 06:54:01,decentralized_b,"@rperezmarco @BitcoinTuesday_ @TheBridge_Tech No, espero que hoy nos digan y se comunique ğŸ˜¬ğŸ˜¬ https://t.co/0rFMxwrlo6",0,0,0
17,2023-03-03 10:22:22,decentralized_b,"Ya esta publicado el meetup de @BitcoinTuesday_ para este 14 de Marzo a las 7PM en @TheBridge_Tech 
Muy interesante:
""Aplicaciones sobre Bitcoin con Agram Project!
Crea aplicaciones sin necesidad de usar cÃ³digo, sobre el stack de tecnologÃ­as de Bitcoin""
 
https://t.co/NQu4cxiPPh",11,4,0
18,2023-03-04 11:22:58,PauMugarra,"El meetup del jueves 9 de marzo con @ToniDorta se realizarÃ¡ finalmente @TheBridge_Tech ğŸ˜„
Nos sentimos tremendamente agradecidos por su generosidad.
Â¡Nos vemos este jueves!",9,3,1
19,2023-03-04 14:08:54,joobid,@PauMugarra @ToniDorta @TheBridge_Tech https://t.co/qv4oryC9i3,2,0,0
20,2023-03-04 22:32:56,RoccoLozano,@nodosenlared @snowded @TheBridge_Tech Muy buena foto desde el CÃ­rculo de Bellas Artes,1,0,0
21,2023-03-06 08:48:56,nodosenlared,"Encuentro de la @mlopscommunity en Madrid: ""MLOPs: desde las trincheras"" https://t.co/CHojEAs7ij en @TheBridge_Tech Ven a conocer la prÃ¡ctica #MLOps en Correcto., @Busuu @wallapop https://t.co/odie5CAuHU",3,1,0
22,2023-03-06 10:38:30,ESOLIUPO,"Â¡Por fin podemos publicar el cartel con los ponentes para el #cybersecTalks! Si estÃ¡s interesadx en alguna de las temÃ¡ticas que aparecen no dudes en venir, es totalmente gratuito gracias al patrocinio de @TheBridge_Tech y la colaboraciÃ³n de @epsUPO @pablodeolavide 
(+ info abajo) https://t.co/JF85MDGmXc",5,3,1
23,2023-03-06 10:38:30,ESOLIUPO,"Las inscripciones se realizarÃ¡n por Eventbrite. Cualquier duda estamos por MD o al correo info@esoliupo.es
https://t.co/xhVr7VXcF3

@epsUPO @TheBridge_Tech",0,0,0
24,2023-03-06 14:13:44,TheBridge_Tech,"Â¡SÃºper contentos de participar! Las temÃ¡ticas prometen, sin duda ğŸ¤© Â¡No te lo pierdas! 

ğŸ“Universidad @pablodeolavide Sevilla
ğŸŸEntradas https://t.co/jFvxqPvKTO",1,1,0
25,2023-03-06 15:36:30,TheBridge_Tech,"Â¡Evento #desarrolloweb en #Sevilla con Diego Freniche Brito, Developer Advocate en @MongoDB!

Cambiamos de ubicaciÃ³n Â¡Te esperamos en @espacio_RES!

ğŸ“…16 marzo
â°18 h
ğŸ“En @espacio_RES 

Entradas ğŸ‘‰https://t.co/MJ21xSfIX0 https://t.co/bYJuYAaZ6N",4,2,0
26,2023-03-07 17:16:14,DatabeerSVQ,"Â¡Hola #dataholics! La primavera trompetera se siente por las esquinasğŸŒ¼y para celebrarlo estamos organizando una nueva ediciÃ³n de #Databeers (Â¡y van 19!):

ğŸ“…Jueves 23/03 19.00
ğŸ“ @sngular #Sevilla 
ğŸ» by @opensistemas y @TheBridge_Tech 

Â¡INSCRÃBETE! https://t.co/fK5QNZzE5m",9,3,0
27,2023-03-08 11:42:08,TheBridge_Tech,"En @TheBridge_Tech hay cada vez mÃ¡s mujeres que deciden formarse en una profesiÃ³n digitalğŸ‘©â€ğŸ’»

Â¡Pero aÃºn queda mucho camino por recorrer en el sector tech, en especial, en Ã¡reas como ciberseguridad, desarrollo web o cloud! 

Â¡Feliz #DÃ­adelaMujer!ğŸ’ª
#8M #InternationalWomensDay https://t.co/UnQaktcLDi",3,1,0
28,2023-03-08 17:00:03,DatabeerSVQ,"Â¡Hola #Dataholics! Recuerda que tenemos abierto nuestro formulario de inscripciÃ³n de ponentesâ¬‡ï¸. Â¡AnÃ­mate a compartir tu experiencia con los datos! De todo lo demÃ¡s, nos encargamos con nuestros patrocinadores @opensistemas @sngular @TheBridge_Tech 

https://t.co/JXhQKEZ7pL",9,5,0
29,2023-03-09 14:27:44,TheBridge_Tech,Â¿Sientes el poder del #data? ğŸ§ ApÃºntate al prÃ³ximo encuentro de @DatabeerSVQ Â¡Nos vemos allÃ­!â¬‡,1,1,1
30,2023-03-09 14:30:48,TheBridge_Tech,"Â¿Quieres formarte en ciberseguridad gratis?

Junto a @INCIBE lanzamos #Cyberskills, la formaciÃ³n para personas con #discapacidad impartida por @TheBridge_Tech

ğŸ”’Especialidad en #ciberseguridad

ğŸ“š250h de curso

ğŸ‘©â€ğŸ’»En remoto

ğŸ“²Solicita hasta el 3 mayo https://t.co/oQDvbOK1aX https://t.co/4bFHQ2uVla",4,0,0
31,2023-03-09 15:48:18,turoninos,@TheBridge_Tech @DatabeerSVQ @Vacolba @andresmacariog interesante.,1,0,0
32,2023-03-09 17:20:00,DatabeerSVQ,"#Dataholic, Â¿conoces a nuestros patrocinadores?
@TheBridge_Tech desarrolla programas formativos intensivos y prÃ¡cticos para dominar las claves de la nueva era tecnolÃ³gica.
Y se encarga de ayudarnos a abrir lasğŸ»en #Databeers
Â¡ConÃ³celos!
https://t.co/7TUu1MweE3",4,3,0
33,2023-03-09 17:30:00,DatabeerSVQ,"Recuerda que coincidiendo con la llegada de la #primaveratrompetera, celebramos nueva ediciÃ³n de #DatabeerSevilla, y van 19:

ğŸ“…Jueves 23/03 19.00
ğŸ“ @sngular #Sevilla 
ğŸ» by @opensistemas y @TheBridge_Tech
 
Â¡INSCRÃBETE! https://t.co/fK5QNZAbUU",4,3,0
34,2023-03-10 10:31:30,ToniDorta,"Muchas gracias a @PauMugarra por la organizaciÃ³n y la dinamizaciÃ³n de #CPSSpain, a @SingularSolving por la confianza depositada y a @TheBridge_Tech por el espacio.

Â¡Y gracias a todos los asistentes por una participaciÃ³n tan activa! Las reflexiones y debate fueron lo mejor https://t.co/GPUyKsEabd",12,1,2
35,2023-03-10 10:58:19,Godivaciones,@ToniDorta @PauMugarra @SingularSolving @TheBridge_Tech Lo mejor: la conversaciÃ³n interior que provocasteis unos y otros. Reivindico cambiar transformaciÃ³n por metamorfosis.,3,0,1
36,2023-03-10 11:02:09,ToniDorta,"@Godivaciones @PauMugarra @SingularSolving @TheBridge_Tech Me mola! Pero creo que en los dptos de marketing nos dirÃ¡n que 'metamorfosis digital' suena demasiado a pokemon, y que no venderÃ­a suficientes licencias ğŸ¤£ https://t.co/aiL70E398k",0,0,1
37,2023-03-10 11:39:12,Godivaciones,@ToniDorta @PauMugarra @SingularSolving @TheBridge_Tech DigitransformaciÃ³n suena a pokemon. Pero voy a buscar algo mÃ¡s sexy.,3,0,1
38,2023-03-10 11:45:36,Godivaciones,@ToniDorta @PauMugarra @SingularSolving @TheBridge_Tech Lo tengo @ToniDorta a ver q te parece: TransiciÃ³n Empresarial a TecnologÃ­as Avanzadas: TETA.,5,0,2
39,2023-03-10 12:46:31,Recuenco,@Godivaciones @ToniDorta @PauMugarra @SingularSolving @TheBridge_Tech https://t.co/8SPP4OOhYg,2,0,0
40,2023-03-10 14:24:40,ToniDorta,@Godivaciones @PauMugarra @SingularSolving @TheBridge_Tech https://t.co/igFcNMTdIt,0,0,0
41,2023-03-11 08:00:33,MISTERINCGNITA1,"@ToniDorta @PauMugarra @SingularSolving @TheBridge_Tech No fui muy a mi pesar.
(Me gusta la gente que da las gracias)",2,0,1
42,2023-03-11 17:34:00,ToniDorta,"@MISTERINCGNITA1 @PauMugarra @SingularSolving @TheBridge_Tech Tal vez la prÃ³xima vez! ğŸ™ƒ
(y lo de dar gracias es fÃ¡cil: para mÃ­, quien las recibe obtiene un beneficio, pero quien las da obtiene dos: reconoce lo bueno recibido y ademÃ¡s ser agradecido estÃ¡ correlacionado con la felicidad; en cierta manera, lo hago mÃ¡s por mÃ­ q por el otro ğŸ¤£)",2,0,1
43,2023-03-11 21:47:54,MISTERINCGNITA1,"@ToniDorta @PauMugarra @SingularSolving @TheBridge_Tech No suelo yo dejar escapar oportunidades. Y estas reuniones donde brillÃ¡is personas extraordinarias son mi vicio favorito.
Yo no estoy a vuestra altura pero sÃ­ encantada de asistir y observar.
(Opino exactamente igual en lo de la gratitud)",1,0,0
44,2023-03-13 14:51:07,TheBridge_Tech,"Â¡El prÃ³ximo 28 de marzo tendremos a @mlopscommunity en el campus de Madrid! ğŸ¦¾Aprenderemos mucho sobre #IA de los mejores profesionales del data en @wallapop, @Busuu y Correcto. 

ApÃºntate ya ğŸ‘‰ https://t.co/Vbl4XY6YSZ https://t.co/jFisn1Q8pG",5,1,0
45,2023-03-13 14:56:20,nodosenlared,"A todos los #MLOps practitioners o simplemente curiosos, @TheBridge_Tech es el anfitriÃ³n de la @mlopscommunity en Madrid el prÃ³ximo 28 de marzo.  Evento libre, plazas limitadas, con @manuelmartingg @mastertilla para hablarnos del oficio Â¡desde las trincheras!",2,1,0
46,2023-03-13 17:30:00,DatabeerSVQ,"Â¡Ya huele a primavera #dataholic! Recuerda que el jueves 23 a las 19.00 lo celebramos cervecita en mano, hablando de datos, como mÃ¡s nos gusta:
ğŸ‘©â€ğŸ’»ğŸ»

Con la colaboraciÃ³n de @opensistemas, @sngular y @TheBridge_Tech 

https://t.co/fK5QNZAbUU",3,2,0
47,2023-03-14 16:03:52,TheBridge_Tech,"Â¡Nuevo taller sobre #ChatGPT! Descubre las posibilidades de una de las tecnologÃ­as de #IA mÃ¡s potentes hasta la fecha ğŸ’¥

ğŸ“…22 marzo
ğŸ•17 h
ğŸ’»Online

ApÃºntate ya ğŸ‘‰https://t.co/fNaEifhQXV

#datascience #bootcamp https://t.co/1wLqcOVh29",1,1,0
48,2023-03-14 16:14:35,TheBridge_Tech,"Â¿Enemigo o aliado? #ChatGPT ha llegado para revolucionar el marketing digital ğŸ«¶ Â¡AnÃ­mate y descubre con nosotros si ha venido a hacer la guerra a los profesionales del marketing o si podemos usarlo a nuestro favor!

ğŸ“…29 marzo
ğŸ•17 h
ğŸ’»Online

Entradas ğŸ‘‰https://t.co/ek0NkgY5UE https://t.co/A4uhnJ752G",1,1,0
49,2023-03-14 16:20:32,TheBridge_Tech,"Â¿Quieres iniciarte en la #programaciÃ³n? Â¡ConÃ©ctate al taller de Web Scraping, aprende JavaScript y Node.js mientras encuentras la mejor oferta para viajar en Semana Santa! âœˆ

ğŸ“…30 marzo
ğŸ•17 h
ğŸ’»Online

Entradas ğŸŸhttps://t.co/9uS3pCaqYB

#webscraping #bootcamp #fullstack https://t.co/TXt2M1SDfM",1,1,0
50,2023-03-14 18:18:55,detailorg,Presentando Agram Project en @TheBridge_Tech de la mano de @BitcoinTuesday_ #Bitcoin https://t.co/gsQV8pNwJM,3,2,0
51,2023-03-15 00:37:28,decentralized_b,"Gran meetup en Madrid de @BitcoinTuesday_

Gracias a @TheBridge_Tech por el espacio, a Victor Gil de @detailorg  por contarnos el proyecto.
IncreÃ­ble el talento y las cosas que se estÃ¡n haciendo sobre #Bitcoin 
Gracias a todos los que vinieron

Se repite el prÃ³ximo 12 de abril! https://t.co/2Q6Ud1m5se",15,0,0
52,2023-03-15 17:15:00,DatabeerSVQ,"Ya estamos enfriando cervezas...ğŸ» y preparando presentacionesğŸ‘©â€ğŸ’» para la nueva ediciÃ³n de #DatabeerSevilla. 

Recuerda, el jueves 23 a las 19.00, en la sede de @sngular.

Con la colaboraciÃ³n de @opensistemas, @sngular y @TheBridge_Tech 

https://t.co/fK5QNZzE5m",6,4,0
53,2023-03-16 10:00:09,nodosenlared,@snowded at @TheBridge_Tech @TheCynefinCo #Madrid #Cynefin ğŸ¤© https://t.co/YqWVXtTuw4,6,3,0
54,2023-03-16 10:01:07,nodosenlared,At @TheBridge_Tech ğŸ¥°,6,2,0
55,2023-03-16 11:28:17,TheBridge_Tech,"Si...
ğŸ‘‰EstÃ¡s en busca de inspiraciÃ³n y referentes reales y quieres cotillear las oportunidades que el ecosistema tecnolÃ³gico tiene para ofrecerte.

Â¡Â¡Ven al prÃ³ximo Reinventadxs!!
ğŸ“… 30 de marzo
â° 18h
ğŸ“@milmadrid_

Â¡Te esperamos! Entradas ğŸŸ https://t.co/Sv0mcS7Cle https://t.co/xvmpGmXv9P",0,0,0
56,2023-03-16 11:46:46,nodosenlared,"@snowded at @TheBridge_Tech @TheCynefinCo #EstuarineMapping ""What can be changed and what can't be"" https://t.co/wDic0tiAE2",5,2,0
57,2023-03-16 16:39:14,nodosenlared,"@snowded at @TheBridge_Tech @TheCynefinCo #EstuarineMapping #Strategy #Change ""Understanding the dispositional state of the system in the present"" https://t.co/t0l3KJlvbc",9,1,0
58,2023-03-16 16:41:16,milmadrid_,"â— Llega la segunda ediciÃ³n de #Reinventadxs ğŸ’«, organizado por @my_tech_plan y  @TheBridge_Tech.

El prÃ³ximo ğŸ—“ï¸ 30 de marzo contaremos con 3 nuevas historias de reinvenciÃ³n hacÃ­a una profesiÃ³n #Digital.

ğŸš© Â¡ApÃºntate ya! Aforo reducido ğŸ‘‰ https://t.co/4SUBGGdJJY

#MadridTech https://t.co/jxWgYyKQU9",3,1,0
59,2023-03-16 17:26:36,DatabeerSVQ,"Â¡Presentamos cartelÃ³n para #DatabeerSVQ19! Nos vemos el jueves 23 a las 19.00 en la sede de @sngular para celebrar la llegada de la primavera con cervezas y datosğŸ»ğŸ‘©â€ğŸ’» @SVQ_tech, Â¡no te lo pierdas!

Con la colaboraciÃ³n de @opensistemas @sngular @TheBridge_Tech https://t.co/aYbq2IpbcI",10,7,0
60,2023-03-16 17:31:19,DatabeerSVQ,"Emilio Fuentes, analista en CNMC, nos contarÃ¡ cÃ³mo se informan los precios de las gasolineras â›½ï¸ğŸ“¶
Â¡No te lo pierdas! #dataholics @SVQ_tech 

ğŸ“…Jueves 23, 19.00
ğŸ“@sngular Sevilla
ğŸ‘‡https://t.co/fK5QNZzE5m

Colaboran @opensistemas @sngular @TheBridge_Tech https://t.co/HysCgBSNpa",6,3,0
61,2023-03-16 17:34:03,DatabeerSVQ,"Sergio Soto, Software Engineer, nos hablarÃ¡ de gestiÃ³n de datos en una campaÃ±a de recogida de fondos para @andalugeeksğŸ‘•ğŸ“¶
Â¡No te lo pierdas! #dataholics @SVQ_tech 

ğŸ“…Jueves 23, 19.00
ğŸ“@sngular Sevilla
ğŸ‘‡https://t.co/fK5QNZzE5m

Colaboran @opensistemas @sngular @TheBridge_Tech https://t.co/7XDDpB6s8I",5,5,0
62,2023-03-16 17:37:33,DatabeerSVQ,"Pedro AlbarracÃ­n, Data Scientist, nos hablarÃ¡ de detecciÃ³n de fraude con tarjetas de crÃ©dito utilizando datos sintÃ©ticosğŸ’³ğŸ“¶
Â¡No te lo pierdas! #dataholics @SVQ_tech 

ğŸ“…Jueves 23, 19.00
ğŸ“@sngular
ğŸ‘‡https://t.co/fK5QNZzE5m

Colaboran @opensistemas @sngular @TheBridge_Tech https://t.co/TXmwaRHZZI",7,3,0
63,2023-03-16 17:41:19,DatabeerSVQ,"@jrtexeira, co-fundador de @MagmaSevilla, nos hablarÃ¡ de diseÃ±o Ã©tico de productos digitales ğŸ“²ğŸ“¶
Â¡No te lo pierdas! #dataholics @SVQ_tech 

ğŸ“…Jueves 23, 19.00
ğŸ“@sngular
ğŸ‘‡https://t.co/fK5QNZzE5m

Colaboran @opensistemas @sngular @TheBridge_Tech https://t.co/bVpSlmKTOH",3,2,0
64,2023-03-16 18:48:50,Delachica,"Hoy la magia estaba aquÃ­, con @snowded en Madrid. #strategy #change #complexity gracias a @TheBridge_Tech. Enhorabuena!",11,3,0
65,2023-03-17 13:10:14,TheBridge_Tech,"Se te puede olvidar el deadline de tu proyecto, algÃºn ( ) mientras codeas o cambiar la contraseÃ±a del wifi, pero jamÃ¡s felicitar a tu padre ğŸ¥³ Â¡Buen finde y a recargar ğŸ”‹! https://t.co/jaZFJ3zuM5",0,0,0
66,2023-03-17 17:00:03,DatabeerSVQ,"#Dataholic, Â¿conoces a nuestros colaboradores?
@TheBridge_Tech
 desarrolla programas formativos intensivos y prÃ¡cticos para dominar las claves de la nueva era tecnolÃ³gica.
Y se encarga de ayudarnos a abrir lasğŸ»en #Databeers
Â¡ConÃ³celos! @SVQ_tech 
https://t.co/7TUu1MweE3",2,1,0
67,2023-03-20 08:47:53,nodosenlared,"GPTs are GPTs: An Early Look at the Labor Market Impact Potential of Large Language Models #recommended
 @justohidalgo @Delachica CC @TheBridge_Tech
https://t.co/xjqpQFaXm9",3,0,1
68,2023-03-20 16:27:12,TheBridge_Tech,"Este viernes participamos en el encuentro de Silicon @DrinkaboutSVQÂ  que organiza @SevillaUP Â¡tenemos muchas ganas de este #networking con emprendedores, desarrolladores, publicistas, diseÃ±adores...!

Si estÃ¡s por Sevilla Â¡No te lo pierdas!ğŸ‘‡

https://t.co/O1kUKVAVn9",2,2,0
69,2023-03-20 17:09:13,TheBridge_Tech,"ğŸ“¢Â¡PrÃ³ximo Open Day en Madrid!Â 

Conoce cÃ³mo es la experiencia de vivir un #bootcamp de la mano de nuestros alumni ğŸ¤—

Â¡Ven con un amigx y tÃ³mate algo ğŸ» !
ğŸ“… 28 marzo
â° 18h
ğŸ° Paseo de Recoletos 15, Madrid.

Entradas ğŸŸ https://t.co/FKHB02bNUp https://t.co/NGg8QIueHw",0,0,0
70,2023-03-21 16:13:16,DatabeerSVQ,"#Dataholics, este jueves #DatabeerSVQ19, con cartelÃ³n de ponentes y cervezas frescasğŸ»ğŸ‘©â€ğŸ’». Si te has inscrito y no puedes acudir, libera tu plaza, alguien te lo agradecerÃ¡ @SVQ_tech 

ğŸ“…Jueves 23, 19.00
ğŸ“@sngular Sevilla

ColaboraciÃ³n de @opensistemas @sngular @TheBridge_Tech",7,5,0
71,2023-03-22 16:30:00,DatabeerSVQ,"Â¡QuÃ© ganas de #DatabeerSVQ19! Ya estÃ¡ aquÃ­ a primavera trompetera y celebramos con ğŸ» y datos. Recuerda, maÃ±ana jueves 23 a las 19.00 en @sngular Sevilla. Â¡No te lo pierdas! @SVQ_tech 

Con la colaboraciÃ³n de @opensistemas @sngular @TheBridge_Tech 

https://t.co/fK5QNZAbUU",7,3,0
72,2023-03-23 08:49:32,TheBridge_Tech,"Â¡Lanzamos las Becas 4INDUS Talent ğŸ§‘â€ğŸ’» para ingenieros del @COIIM! Una buena forma de actualizar conocimientos o especializarse en Ã¡reas como #DataScience #Ciberseguridad o #DesarrolloWebFullStack, entre otros. 

Si eres del @COIIM, solicita la tuya ğŸ‘‰https://t.co/hO6buOM1SU https://t.co/NyNDqpKvAp",1,0,0
73,2023-03-23 09:11:44,TheBridge_Tech,"Â¡Arrancando motores para la prÃ³xima ediciÃ³n de #bootcamps en #Valencia! ğŸš€

Â¿EstÃ¡s pensando en dar el salto al sector digital? Â¡Te invitamos al Open Day con @EDEM_uni!

ğŸ“… 4 abril
â° 19 h
ğŸ“ Campus de EDEM en La Marina de Valencia.

Entradas ğŸŸ https://t.co/qlBJ8WBsWG https://t.co/yodoZSs6Oy",4,2,0
74,2023-03-23 17:00:00,DatabeerSVQ,"Â¡Que ya estamos preparando la cervecita fresquita para #DatabeerSVQ19 @SVQ_tech! Y quÃ© buenas ponencias programadas. Nos vemos a las 19.00 en @sngular. Gracias a @opensistemas, @sngular y @TheBridge_Tech por su colaboraciÃ³n. https://t.co/lvrqdxNNJp",3,3,0
75,2023-03-27 07:47:46,espacio_RES,"La primera aceleradora de Talento Digital se llama @TheBridge_Tech  y facilitan el acceso a una carrera profesional en el Ã¡mbito digital. ğŸ§Mira sus #bootcamps en el enlace. 

ğŸ‘‰ Para impulsar tu carrera.

ğŸ‘‰ Para captar talento.

https://t.co/i7FPO45uzf",1,0,0
76,2023-03-27 15:23:13,TheBridge_Tech,"Â¿Por quÃ© Cloud &amp; DevOps?

â˜El perfil especialista en Cloud &amp; DevOps es de los mÃ¡s demandados, un buen complemento para personas que vienen del sector de la informÃ¡tica, ingenierÃ­a y desarrollo web.

Â¡MatricÃºlate ahora y accede a un precio especial!
Info â¡https://t.co/1RulLxDXfH https://t.co/IB9cn7ufUy",1,0,0
77,2023-03-28 07:49:00,espacio_RES,"La primera aceleradora de Talento Digital se llama @TheBridge_Tech  y facilitan el acceso a una carrera profesional en el Ã¡mbito digital. ğŸ§Mira sus #bootcamps en el enlace. 

ğŸ‘‰ Para impulsar tu carrera.

ğŸ‘‰ Para captar talento.

https://t.co/i7FPO462oN",1,0,0
78,2023-03-28 10:08:48,TheBridge_Tech,"Un placer participar en #DatabeerSVQ19 que se organizÃ³ en las oficinas @sngular  Gracias a @DatabeerSVQ por contar con nosotros y a los ponentes ğŸ»

Â¡Nos vemos en la prÃ³xima!
#digitaltalent #databeers #datascience https://t.co/VjsYHhFabE",2,0,0
79,2023-03-28 15:51:07,DatabeerSVQ,"El jueves pasado disfrutamos mucho de la ediciÃ³n nÃºmero 19 de #DatabeerSVQ. Gracias a quienes se atrevieron a compartir su ponencia, a quienes acudieron a escucharlas y a nuestros colaboradores @opensistemas @sngular @TheBridge_Tech

Â¡Hasta la prÃ³xima (que serÃ¡ la 20)! @SVQ_tech",4,2,0
80,2023-03-28 16:55:00,DatabeerSVQ,"Â¡En 5 minutos abrimos las puertas de @sngular para celebrar una nueva ediciÃ³n de #DatabeerSVQ, y ya van 19! Gracias a @opensistemas, @sngular y @TheBridge_Tech por su colaboraciÃ³n. Y a toda la comunidad #dataholic @SVQ_tech por no fallarnos nunca. Â¡Empezamos! https://t.co/EJRndyBnxz",2,0,1
81,2023-03-28 17:08:27,luismesalas,@DatabeerSVQ @sngular @opensistemas @TheBridge_Tech @SVQ_tech Mentira!!,0,0,0
82,2023-03-29 07:48:00,espacio_RES,"La primera aceleradora de Talento Digital se llama @TheBridge_Tech  y facilitan el acceso a una carrera profesional en el Ã¡mbito digital. ğŸ§Mira sus #bootcamps en el enlace. 

ğŸ‘‰ Para impulsar tu carrera.

ğŸ‘‰ Para captar talento.

https://t.co/i7FPO45uzf",0,0,0
83,2023-03-29 14:43:27,TheBridge_Tech,"Â¿Por quÃ© formarse en DiseÃ±o de Producto Digital UX/UI?

ğŸ¤³El perfil especialista en #UXUI es uno de los mÃ¡s demandados. Optimizar recursos y centrarse en las necesidades del usuario/cliente es clave.

Â¡MatricÃºlate ahora con un precio especial!
Info â¡https://t.co/lAQlSLWq4B https://t.co/WWBXJDTceF",0,0,0
84,2023-03-30 13:00:00,espacio_RES,"La primera aceleradora de Talento Digital se llama @TheBridge_Tech  y facilitan el acceso a una carrera profesional en el Ã¡mbito digital. ğŸ§Mira sus #bootcamps en el enlace. 

ğŸ‘‰ Para impulsar tu carrera.

ğŸ‘‰ Para captar talento.

https://t.co/i7FPO462oN",0,1,0
85,2023-03-30 16:13:16,milmadrid_,"ğŸ“¢ Ãšnete a la 2Âª ediciÃ³n de #Reinventadxs ğŸ’«, organizado por @my_tech_plan y @TheBridge_Tech y conoce las historias de reinvenciÃ³n al sector #Digital de Alexandra JimÃ©nez, Concha Asensio y MoisÃ©s RodrÃ­guez. 

Â¡No te lo pierdas! ğŸ”´ En directo ğŸ‘‰ https://t.co/aCc9D9hDKe https://t.co/8dXa3HxMfY",2,3,0
86,2023-04-01 09:48:24,libertariadora,"PrÃ³ximo Meetup de Bitcoin el 11 de abril a las 19:00 en @TheBridge_Tech. Esta vez @dev7ba nos hablarÃ¡ sobre la mempool a fondo! Charla para todo el mundo, sepas o no sobre #Bitcoin @GaboHBeaumont @kilrau @decentralized_b @olya_borderless 

https://t.co/IaGuVi8I2P",16,6,3
87,2023-04-03 12:21:01,my_tech_plan,"Os compartimos un mini resumen del segundo encuentro de #reinventadxs.

Pronto tendremos nueva fecha para la tercera ediciÃ³n ğŸ”¥

No te lo pierdas!

Gracias a @thebridge_tech y el @milmadrid_ por hacerlo posible!

#tech #mytechplan #reinventarse #espaÃ±a #empleoit #empleo https://t.co/jACoxZpYdg",3,0,1
88,2023-04-03 13:03:11,my_tech_plan,"@TheBridge_Tech @milmadrid_ Y si te lo perdiste, puedes verlo aqui: https://t.co/1WZTjtRSJQ ğŸš€",0,0,0
89,2023-04-03 14:41:34,TheBridge_Tech,"Â¡No te pierdas el #hackathon de @pablodeolavide! 
Reto âš” Ideas innovadoras para alcanzar los Objetivos de Desarrollo Sostenible.
PremiosğŸ†de 800â‚¬ y una masterclass de diseÃ±o UX/UI a cargo de @TheBridge_TechğŸ¤³

Â¿EstÃ¡s en #Sevilla? 
ApÃºntateğŸ‘‰ https://t.co/EGXnMY9ZV5 https://t.co/o428HUydXq",3,1,0
90,2023-04-04 06:42:34,Cyber_Madrid,"ğŸ“¢  Nuestras empresas asociadas y su personal podrÃ¡n beneficiarse de un descuento del 20% para la realizaciÃ³n de  #formaciÃ³n en #ciberseguridad ofrecido por @TheBridge_Tech

Toda la info:

https://t.co/QiGiyXkih2

#pyme #empresas #madrid https://t.co/7s2x7qf81f",0,1,0
91,2023-04-09 23:06:36,decentralized_b,"Para reactivarse!!!
Tenemos Meetup este martes 11 de abril a las 19:00 en @TheBridge_Tech

@dev7ba nos hablarÃ¡ sobre la mempool!!
Charla para todo el mundo, sepas o no sobre #Bitcoin 

@GaboHBeaumont @kilrau @libertariadora @olya_borderless
https://t.co/bHzpDduIRo

Se agradece RT",39,25,3
92,2023-04-10 06:47:17,gzuuus,@decentralized_b @TheBridge_Tech @dev7ba @GaboHBeaumont @kilrau @libertariadora @olya_borderless Wow ğŸ‘ğŸ‘ğŸ‘,1,0,0
93,2023-04-10 12:59:51,alexaom6_,"@libertariadora @TheBridge_Tech @dev7ba @GaboHBeaumont @kilrau @decentralized_b @olya_borderless Hola Pat! Por algÃºn motivo no me deja registrarme, puedo asistir de todos modos?",0,0,1
94,2023-04-10 13:48:46,libertariadora,"@alexaom6_ @TheBridge_Tech @dev7ba @GaboHBeaumont @kilrau @decentralized_b @olya_borderless Vaya quÃ© raro! SÃ­ claro que puedes ir igual, a las 19:00 en The Bridge!",1,0,0
95,2023-04-11 15:07:29,TheBridge_Tech,"Â¡Volvemos con el taller de #OSINT! Descubre cÃ³mo a travÃ©s de fuentes abiertas podemos recopilar un montÃ³n de informaciÃ³n ğŸ§‘â€ğŸ’»

ğŸ“…19 abril
ğŸ•17 h
ğŸ’»Online

ApÃºntate ya ğŸ‘‰ https://t.co/F8k9okzubv

#cyber #bootcamp https://t.co/xZQAWz8GmF",2,1,0
96,2023-04-12 07:59:17,TheBridge_Tech,"Â¡Ven al #OpenDay en Bilbao!

Conoce todo sobre los bootcamps en #DataScience #MarketingDigital #DesarrolloWebFullStack y #UXUIProductDesign de @bbk y @thebridge y tÃ³mate unas ğŸ» con amigxs Â¿Te apuntas?

ğŸ“…2 mayo
ğŸ•18.30 h
ğŸ“BBK Kuna @BBK_eus

Entradas ğŸ‘‰ https://t.co/D9ioexuAtg https://t.co/GeXwrYwHYm",4,2,0
97,2023-04-12 08:36:34,alexaom6_,"Ayer fui a mi primer evento presencial de #Bitcoin en Madrid

Fue un placer conectar con personas con inquietudes e intereses similares

Sin duda me sentÃ­ la persona mÃ¡s tonta de la sala, pero supongo que es una buena seÃ±al ğŸ˜‚ğŸ¤ŸğŸ¼

@TheBridge_Tech https://t.co/HVnjMUeK4v",5,0,0
98,2023-04-13 15:11:23,TheBridge_Tech,"Â¿No conoces el programa #Cyberskills? FormaciÃ³n en #ciberseguridad para personas con discapacidad. 100% becada, online e impulsada por @INCIBE y @FUniversia. Â¡EntÃ©rate de todo en la prÃ³xima sesiÃ³n informativa!

ğŸ“…25 abril
ğŸ•18 h
ğŸ’»Online

ApÃºntate ya ğŸ‘‰ https://t.co/Pe8iDoVlps https://t.co/eofM4cNXJk",1,1,0
99,2023-04-17 13:35:55,TheBridge_Tech,"Â¿Por dÃ³nde empezar cuando ideamos un producto digital?ğŸ¤³En el prÃ³ximo taller de #uxui descubriremos oportunidades de negocio desde el journey map del usuario, sus pains y gains Â¿Te animas?

ğŸ“…26 abril
ğŸ•17 h
ğŸ’»Online

ApÃºntate ya ğŸ‘‰ https://t.co/A1sdninOzw

#diseÃ±o #bootcamp https://t.co/gudzKSn2S9",0,0,0
100,2023-04-17 19:00:18,hello_google,"Untagged Day - El evento de analÃ­tica digital al que a mÃ­ me gustarÃ­a asistir.

27 de abril  a partir de las 18:30.
En @TheBridge_Tech Madrid.
Entrada gratuita (plazas limitadas).

âš ï¸MaÃ±ana abrimos inscripciones. https://t.co/oTs9aotfbi",19,3,4
101,2023-04-17 19:50:21,UbaldoHervas,@hello_google @TheBridge_Tech No me lo pierdo ğŸ˜,1,0,0
102,2023-04-18 06:46:41,AlejoPietraSEO,@hello_google @TheBridge_Tech Esperando la apertura,1,0,0
103,2023-04-18 07:22:11,carlosmdh,"@hello_google @TheBridge_Tech Pide pass
Â¿?",1,0,1
104,2023-04-18 07:33:17,hello_google,@carlosmdh @TheBridge_Tech No estÃ¡ abierto.,0,0,1
105,2023-04-18 08:01:53,carlosmdh,"@hello_google @TheBridge_Tech Â¿Queda mucho?
ğŸ˜‚ğŸ˜‚ğŸ˜‚ https://t.co/Gpq93REqnR",0,0,0
106,2023-04-18 09:51:21,TheBridge_Tech,"Â¡Ven al #OpenDay en Sevilla!

AcÃ©rcate a conocer la experiencia de alumni que decidieron desarrollar su carrera con un bootcamp en #DataScience y #DesarrolloWebFullStack Â¿Te unes?

ğŸ“…4 mayo
ğŸ•19.30 h
ğŸ“@ENCamaraSevilla

Entradas ğŸ‘‰ https://t.co/pNskU3CnTV

#bootcamp https://t.co/mlXHF9kTi1",3,5,0
107,2023-04-18 14:50:01,TheBridge_Tech,"Â¿Por quÃ© no probar si la tecnologÃ­a es lo tuyo?  
PrÃ³ximos talleres en Valencia:

ğŸ”µ#DesarrolloWebFullStack EntradasğŸ‘‰ https://t.co/gwE2cAAcd4 
ğŸ“…26 abril
ğŸ•18.00 h
ğŸ“EDEM

ğŸ”µ#Ciberseguridad EntradasğŸ‘‰ https://t.co/YhlMwXe5qd 
ğŸ“…3 mayo
ğŸ•18.00 h
ğŸ“EDEM

Â¡Te esperamos! 

#bootcamp https://t.co/kgfcfLAUBA",3,3,0
108,2023-04-18 16:45:20,vizca75,@hello_google @TheBridge_Tech Â¿nada todavÃ­a?,0,0,1
109,2023-04-18 16:47:52,hello_google,@vizca75 @TheBridge_Tech Acabo de publicar...,1,0,1
110,2023-04-18 16:59:26,vizca75,"@hello_google @TheBridge_Tech Gracias IÃ±aki, allÃ¡ nos vemos https://t.co/Ni6lhlZqhA",1,0,0
111,2023-04-19 10:50:12,TheBridge_Tech,"Â¡Nueva #Masterclass de #MarketingDigital en Bilbao!ğŸ™Œ

Aprende cÃ³mo podemos usar #chatgpt y otras inteligencias artificiales al servicio del marketing ğŸ¦¾ Â¡Te esperamos!

ğŸ“…27 abril
ğŸ•18.00 h
ğŸ“BBK Kuna @BBK_eus

Â¡ApÃºntate!ğŸ‘‰https://t.co/KfU4450nJQ

#bootcamp #ai #mkt #data https://t.co/qwfZlr9fP5",3,3,0
112,2023-04-20 10:00:16,BBKnetwork,"ğŸ¤”Â¿QuÃ© es ChatGPT?

ğŸ¤”Â¿CÃ³mo se le puede sacar partido para hacer marketing?

La respuesta en la masterclass de BBK Bootcamps sobre Marketing Digital.

@BBK_eus 
@TheBridge_Tech

ğŸ“† 22/04/2023
ğŸ“BBK Kuna.
â° 18:00 a 19:00

Info e inscripciones en: https://t.co/NuzPVmXqQy",3,1,0
113,2023-04-20 14:14:06,PauMugarra,"Esta tarde se reune la Comunidad #CPS en @TheBridge_Tech para que @aquiestaThai y @anabuigues nos cuenten como llevan a cabo ellas la experimentaciÃ³n en grandes organizaciones. Muchas ganas de aprender de su experiencia ğŸ¤©
Â¡Nos vemos allÃ­!",18,4,1
114,2023-04-20 14:27:53,joobid,@PauMugarra @TheBridge_Tech @aquiestaThai @anabuigues Â¿Se graba verdad? https://t.co/N0Czd8m2wv,1,0,1
115,2023-04-20 15:32:52,PauMugarra,"@joobid @TheBridge_Tech @aquiestaThai @anabuigues Si, se graba ğŸ‘Œ",3,0,0
116,2023-04-21 08:22:42,EDEMempresarios,"El poder de dos escuela concentrado en el ğğ¨ğ¨ğ­ğœğšğ¦ğ© ğƒğšğ­ğš ğ’ğœğ¢ğğ§ğœğ #EDEMpoweredbyTheBridge.

@TheBridge_Tech y #EDEM se unen para ofrecerte formaciÃ³n en tecnologÃ­a y ciencia de datos que te ayudarÃ¡ a mejorar tu perfil o iniciar tu carrera profesional en esta Ã¡rea. https://t.co/NYckrT99q6",2,0,1
117,2023-04-24 15:22:40,TheBridge_Tech,"AsÃ­ es el #bootcamp de #DataScience que impartimos junto a @EDEMempresarios en Valencia.

Nos adentramos en clase para ver quÃ© se enseÃ±a y quÃ© salidas profesionales tiene este campo ğŸš€

Â¿Quieres saber mÃ¡s? PrÃ³xima ediciÃ³n 2âƒ£2âƒ£ de mayo ğŸ‘‰https://t.co/tkBcf3KpAZ

@EDEM_uni https://t.co/vGELLOsVib",4,2,1
118,2023-04-25 08:34:00,ESOLIUPO,"Â¡Hola!

Mientras volvemos a la carga os traemos un curso de parte de nuestro colaborador @TheBridge_Tech  donde podrÃ¡s aprender los fundamentos de las IAs generativas como son ChatGPT o Dall-E en Sevilla ğŸ’ƒ

Si estÃ¡s interesado puedes inscribirte aquÃ­ â¬‡ï¸: https://t.co/op518wH9Xc",1,0,0
119,2023-04-26 07:45:27,TheBridge_Tech,"Â¿Elecciones y ciencia de datos? La #DataScience tiene mucho que decir en las predicciones y en el funcionamiento de las elecciones.

DescÃºbrelo en nuestro prÃ³ximo taller Â¡ApÃºntate ya!

ğŸ“…3 mayo
ğŸ•17.00 h
ğŸ’»Online

Entradas ğŸ‘‰ https://t.co/CeV7kbrSZ0

#bootcamp https://t.co/NcxDFMzerf",1,0,0
120,2023-04-26 16:35:52,hello_google,MaÃ±ana tenÃ©is una cita con los datos en @TheBridge_Tech. ğŸ‘‡,4,1,0
121,2023-04-27 08:12:05,TheBridge_Tech,"ğŸ§‘â€ğŸ’»FÃ³rmate en #DataScience, #MarketingDigital, #UXUIProductDesign y #DesarrolloWebFullStack con los #BBKBootcampsPoweredByTheBridge en #Bilbao.

4 meses intensivosğŸš€

Â¡Ãšltimas plazas! Empezamos el 22 mayo.

MÃ¡s infoğŸ‘‰ https://t.co/PJVNBK3sB3

@bbk_eus @BBKnetwork https://t.co/KA488ZUQ5S",1,0,0
122,2023-04-28 08:06:02,TheBridge_Tech,"Â¡Nuevos talleres en #Sevilla!

ğŸ’»#DesarrolloWebFullStack Descubre quÃ© es Git y GitHub. Entradas ğŸ‘‰https://t.co/Jo56XJp1za

ğŸ¦¾#DataScience Â¿CÃ³mo funcionan las IAs Generativas? Entradas ğŸ‘‰https://t.co/pNzL5sDspl

Â¡No te lo pierdas!

ğŸ“…9 y 11 de mayo
ğŸ•19.30 h
ğŸ“ @espacio_RES https://t.co/rIz8PisSPl",2,2,0
123,2023-04-28 08:12:12,ProductoActual1,@TheBridge_Tech @EDEMempresarios @EDEM_uni Â¿PodrÃ­an enviarme informaciÃ³n sobre el bootcamp de Data Science? Gracias!!!,0,0,1
124,2023-05-02 10:18:54,jorgegrev,"ğŸ“… HOY #OpenDay de los BBK Bootcamps by The Bridge a las 18:30 en @BBK_Kuna DescubrirÃ¡s en quÃ© consiste un #bootcamp y cÃ³mo potenciar exponencialmente tus habilidades digitales, abriendo nuevas posibilidades en tu carrera. @BBK_eus @TheBridge_Tech https://t.co/RXMZwLRT2A",0,0,0
125,2023-05-03 13:16:46,TheBridge_Tech,"Â¿Quieres saber cÃ³mo es el trabajo de un diseÃ±ador #uxui? ApÃºntate al prÃ³ximo taller en #Bilbao donde veremos por dÃ³nde empezar a trabajar para diseÃ±ar cualquier producto digital ğŸ¤³

Â¡Te esperamos!

ğŸ“…9 de mayo
ğŸ•18.30 h
ğŸ“ BBK Kuna

Entradas ğŸ‘‰https://t.co/m6ZwtxJllz

#bootcamp https://t.co/9oVj3LGcYu",1,0,0
126,2023-05-05 06:14:37,jorgegrev,"ğŸ‚ğŸ‰ Â¡Este mes se cumplen 10 aÃ±os del primer #Betabeers Bilbao! Y lo vamos a celebrar este jueves 11/05 a las 18:30 en @BBK_Kuna  haciendo un remember de los buenos.

â¡ï¸ Â¡Te esperamos! Toda la info aquÃ­: https://t.co/qAHloy69ju

@TheBridge_Tech https://t.co/ln345I1xER",2,1,0
127,2023-05-08 08:19:33,TheBridge_Tech,"Â¡No te lo pierdas! Hablaremos de algoritmos bioinspirados, la revoluciÃ³n de las IAs y netnografÃ­a ğŸ˜

Â¿No sabes lo que es? Te esperamos â¬‡",4,0,0
128,2023-05-09 08:51:11,EDEMempresarios,"ğŸ’¯ Aprende una profesiÃ³n de alta empleabilidad y cambia tu futuro con #EDEM y @TheBridge_Tech

ğŸ‘‰ Desarrollo Web Fullstack
ğŸ‘‰ Ciberseguridad
ğŸ‘‰ UX/UI Product Design
ğŸ‘‰ Data Science

Accede a la bolsa de empleo de las dos escuelas con las empresas mÃ¡s ğŸ”ğŸ‘‰ https://t.co/uobTtpP8zo https://t.co/58xhn3Q7xq",5,2,0
129,2023-05-10 14:46:29,TheBridge_Tech,"Â¡Eventazo! Colaboramos de nuevo con @ESOLIUPO en #CyberSecTalks en Sevilla ğŸ‘

Con una charla sobre #IAs y #DataScience.

Â¡CorreğŸƒâ€â™‚ï¸ y apÃºntate!ğŸ‘‡",1,1,0
130,2023-05-11 13:33:41,TheBridge_Tech,"Llega Work in Tech, una iniciativa de INCO Academy con la que @TheBridge_Tech colabora junto a @Googleorg y @coursera.

FormaciÃ³n en tecnologÃ­a dirigida a personas en situaciÃ³n vulnerable.

ğŸ’°FormaciÃ³n 100% financiada.
ğŸ’»Online.
ğŸ’¼Career Readiness.

 InfoğŸ‘‰https://t.co/7wflIafygE https://t.co/jCHs3HBRrI",1,1,0
131,2023-05-11 15:13:41,Madrid4Refugees,"Join our #RefugeesCode Demo Day &amp; networking on 24 May at 19h at @TheBridge_Tech #Madrid!

We're looking for recruiters, tech companies, web designers, MFR supporters &amp; potential students to join us! Students will present final projects

â¡ï¸Sign up &amp; share! https://t.co/peldbOIhVJ https://t.co/h6OPvToy6A",5,5,1
132,2023-05-12 06:15:12,TheBridge_Tech,"Â¡A very special event! Save the date â˜º 24 May at 19hâ¬‡

#refugeescode #demoday",2,1,0
133,2023-05-12 12:27:15,TheBridge_Tech,"Â¡Nuevos talleres de #Cloud y #CareerReadiness!

ğŸ”´Los dÃ­as 17 y 24 de mayo a las 17h.

Entradas CloudğŸ‘‰https://t.co/27WjGw2kiV
Entradas CareerğŸ‘‰https://t.co/8WtKEuZWWy

#freeevents https://t.co/pel5TA4bJC",0,0,0
134,2023-05-15 12:18:36,nodosenlared,"#MLMonitoring and #Observability, mar, 23 may 2023, 18:30   | Meetup https://t.co/B0hKnfFg5g
Â¡2Âº encuentro de la @mlopscommunity en @TheBridge_Tech ! AcompÃ¡Ã±anos para aprender de nuestros amigos de @wayflyerapp @wallapop @argilla Registro gratuito, plazas limitadas. https://t.co/t0TiFALbfl",2,3,0
135,2023-05-15 20:44:05,ESOLIUPO,"Â¡Â¡Recuerda que todavÃ­a siguen las entradas para el II CyberSec Talks!! Dentro breve hilo
@TheBridge_Tech @epsUPO @pablodeolavide https://t.co/ua2XS32Iph",4,4,1
136,2023-05-15 20:44:05,ESOLIUPO,"Si todavÃ­a no has pillado las entradas (que son gratis oye, que es posible gracias a partners como @TheBridge_Tech ğŸ˜) puedes hacerlo en https://t.co/EeZ3fSC7PP https://t.co/hTvRME7aeR",1,0,1
137,2023-05-15 20:44:06,ESOLIUPO,"Y finalmente, como nos decÃ­an en casa, es de bien nacido ser agradecido, y mucho mÃ¡s con nuestros patrocinadores y colaboradores ğŸ¤—ğŸ¤—. Gracias a @TheBridge_Tech @epsUPO @pablodeolavide por ayudarnos, de una manera u otra, para que esta actividad salga adelante!! https://t.co/m8IeCD9prx",1,0,0
138,2023-05-16 11:15:34,TheBridge_Tech,"AsÃ­ es elÂ #bootcampÂ deÂ #UXUIProductDesignÂ que impartimos junto aÂ @EDEMempresarios en #Valencia.

Miriam, Lead Instructor, nos cuenta quÃ© se enseÃ±a en el programa de #uxui y quÃ© salidas profesionales tiene este campo ğŸš€

PrÃ³xima ediciÃ³n 22 de mayo â¡https://t.co/kqfZqnITa1 https://t.co/HLJKIpkMta",3,1,0
139,2023-05-17 11:06:23,TheBridge_Tech,"Nos colamos en el campus de #Bilbao para descubrir mÃ¡s sobre #BBKBootcampsPoweredByTheBridge ğŸ˜

Echa un ğŸ‘€ a las clases y al buen ambiente lleno de cÃ³digo javascript, diseÃ±os en figma y librerÃ­as de python ğŸ

Â¡Nueva ediciÃ³n 22 de mayo! â¡https://t.co/dUXyyvMX8F
@BBK_eus https://t.co/YoZy5dGASo",2,1,0
140,2023-05-17 13:21:52,nodosenlared,"#MLMonitoring and #Observability, mar, 23 may 2023, 18:30   | Meetup https://t.co/VEq7ZN3Plr
Â¡2Âº encuentro de la @mlopscommunity en @TheBridge_Tech ! AcompÃ¡Ã±anos para aprender de nuestros amigos de @wayflyerapp @wallapop @argilla_io Registro gratuito, plazas limitadas. https://t.co/Zw5bKGP0av",3,1,0
141,2023-05-18 10:00:23,TheBridge_Tech,"Â¿QuÃ© hacÃ­an nuestros alumni antes del #bootcamp?

AsÃ­ fue el Open Day de #Sevilla donde compartieron su experiencia, dudas, miedos y sus ganas de hacer un cambio en su carrera ğŸš€

Â¿Ready para el cambio?

Â¡Ãšltimas plazas!ğŸ‘‰https://t.co/4DRdoJhQqv

@camaradesevilla @ENCamaraSevilla https://t.co/6VJRsx67Fx",0,0,0
142,2023-05-19 11:01:18,a3sec,"Ayer visitamos a los alumnos de @TheBridge_Tech  para charlar con ellos sobre las capacidades en prevenciÃ³n y detecciÃ³n de #ciberseguridad de @a3sec  y compartir experiencias que les puedan ayudar en su incorporaciÃ³n al mundo laboral.
Â¡Gracias por la invitaciÃ³n! https://t.co/r1YVULrSOl",3,1,0
